{"stats":{"minecraft:killed":{"undead_revamp2:thehunter":3,"undead_revamp2:theimmortal":4,"minecraft:spider":1,"minecraft:vindicator":1,"undead_revamp2:thesmoker":1,"super_block_world:boom_boom":3,"alexsmobs:rattlesnake":3,"minecraft:skeleton":1,"alexsmobs:leafcutter_ant":1,"undead_revamp2:therod":1,"undead_revamp2:thehorrors":2,"undead_revamp2:sucker":4,"alexsmobs:kangaroo":2,"minecraft:husk":5,"alexsmobs:guster":3,"minecraft:pig":7,"undead_revamp2:the_moonflower":4,"minecraft:iron_golem":3,"undead_revamp2:theheavy":1,"unusualfishmod:spindlefish":1,"minecraft:creeper":1,"super_block_world:shy_guy":8,"alexsmobs:toucan":1,"alexsmobs:rain_frog":1,"alexsmobs:roadrunner":2,"minecraft:villager":2,"minecraft:enderman":1},"minecraft:crafted":{"minecraft:oak_planks":64,"minecraft:stone_shovel":1,"immersive_aircraft:telescope":1,"minecraft:spyglass":2,"super_block_world:hammer":4,"minecraft:bone_meal":9,"minecraft:iron_axe":2,"minecraft:iron_hoe":1,"minecraft:stone_pickaxe":1,"minecraft:chest":8,"minecraft:stone_hoe":1,"super_block_world:bronze_ingot":27,"minecraft:wheat":27,"minecraft:golden_axe":1,"minecraft:smooth_sandstone_stairs":4,"minecraft:crafting_table":6,"minecraft:wooden_pickaxe":1,"minecraft:iron_sword":1,"minecraft:blue_bed":1,"minecraft:copper_ingot":4,"minecraft:stone_axe":1,"minecraft:bread":9,"minecraft:air":0,"minecraft:cartography_table":1,"minecraft:jungle_planks":64,"minecraft:blue_dye":1,"minecraft:white_wool":3,"minecraft:paper":6,"minecraft:stick":32,"minecraft:iron_ingot":10,"minecraft:iron_pickaxe":1,"minecraft:iron_shovel":1,"minecraft:stone_sword":1,"minecraft:white_bed":1,"minecraft:torch":4},"minecraft:dropped":{"minecraft:wheat_seeds":1,"minecraft:cooked_porkchop":11,"projectvibrantjourneys:orange_bark_mushroom":2,"minecraft:golden_apple":1,"minecraft:stick":3,"minecraft:map":4,"minecraft:jungle_sapling":1,"minecraft:wooden_sword":2,"minecraft:bone_meal":1,"minecraft:sand":4,"minecraft:iron_pickaxe":1,"minecraft:diorite_slab":2,"minecraft:paper":4,"minecraft:stone_axe":1,"minecraft:sweet_berries":7,"minecraft:spyglass":1,"minecraft:stone_sword":1,"minecraft:stone_shovel":1,"minecraft:rotten_flesh":17,"minecraft:poppy":3,"super_block_world:smooth_toadstone":1,"supplementaries:ash":1,"super_block_world:subcon_thread":1,"undead_revamp2:heavytooth":1,"minecraft:oak_sapling":6,"minecraft:arrow":10,"minecraft:bow":1,"minecraft:wooden_pickaxe":1,"undead_revamp2:rawbostrox":1},"minecraft:custom":{"minecraft:mob_kills":69,"minecraft:interact_with_crafting_table":68,"minecraft:open_barrel":32,"minecraft:bell_ring":86,"minecraft:damage_dealt_resisted":408,"minecraft:leave_game":4,"minecraft:time_since_death":137,"minecraft:climb_one_cm":51632,"minecraft:sprint_one_cm":476090,"minecraft:walk_one_cm":575864,"minecraft:drop":61,"minecraft:talked_to_villager":1,"minecraft:play_time":284141,"minecraft:deaths":22,"minecraft:sneak_time":13523,"minecraft:walk_under_water_one_cm":62646,"minecraft:jump":5514,"minecraft:interact_with_blast_furnace":12,"minecraft:walk_on_water_one_cm":38694,"minecraft:total_world_time":284141,"minecraft:interact_with_cartography_table":7,"minecraft:interact_with_grindstone":1,"minecraft:sleep_in_bed":10,"minecraft:time_since_rest":171,"minecraft:damage_taken":8872,"minecraft:damage_dealt":20584,"minecraft:swim_one_cm":42600,"minecraft:fly_one_cm":1251040,"minecraft:player_kills":2,"minecraft:open_chest":126,"minecraft:crouch_one_cm":31778,"minecraft:interact_with_smoker":4,"minecraft:fall_one_cm":726514},"minecraft:mined":{"minecraft:blue_carpet":1,"minecraft:stone_pressure_plate":1,"alexsmobs:leafcutter_anthill":1,"minecraft:chiseled_red_sandstone":1,"minecraft:jungle_leaves":18,"super_block_world:vanillate_crumble":1,"super_block_world:green_warp_pipe":1,"minecraft:grass_block":1,"minecraft:decorated_pot":1,"minecraft:jungle_planks":1,"minecraft:jungle_log":77,"minecraft:cracked_polished_blackstone_bricks":10,"minecraft:white_stained_glass":1,"super_block_world:topped_vanillate":1,"minecraft:sandstone":75,"minecraft:chiseled_stone_bricks":9,"minecraft:polished_blackstone_bricks":8,"minecraft:tall_seagrass":6,"minecraft:hay_block":3,"super_block_world:smooth_toadstone":2,"minecraft:sticky_piston":2,"minecraft:iron_ore":11,"minecraft:fire":20,"minecraft:chiseled_sandstone":1,"minecraft:andesite":1,"super_block_world:bronze_ore":58,"minecraft:gold_block":1,"minecraft:vine":4,"amendments:wall_lantern":2,"minecraft:smooth_sandstone_stairs":2,"minecraft:azalea_leaves":1,"minecraft:stone":50,"minecraft:cut_sandstone":54,"minecraft:blackstone":11,"supplementaries:book_pile":1,"minecraft:smoker":1,"minecraft:soul_lantern":1,"minecraft:blue_stained_glass":1,"minecraft:cornflower":1,"minecraft:smooth_sandstone":7,"minecraft:crafting_table":2,"minecraft:cyan_stained_glass_pane":1,"minecraft:blast_furnace":3,"minecraft:melon":1,"minecraft:dead_bush":2,"projectvibrantjourneys:mossy_rocks":1,"super_block_world:green_pipe_body":4,"minecraft:copper_ore":1,"minecraft:cobblestone":5,"minecraft:quartz_bricks":2,"minecraft:polished_blackstone_brick_stairs":3,"minecraft:sugar_cane":2,"super_block_world:toadstone_brick_stairs":7,"minecraft:seagrass":2,"super_block_world:toadstone_brick_slab":3,"super_block_world:power_star":2,"minecraft:brick_slab":1,"super_block_world:toadstone_bricks":38,"super_block_world:vanillate":6,"minecraft:birch_leaves":2,"minecraft:tnt":9,"minecraft:grass":4,"minecraft:coal_ore":15,"minecraft:oak_log":33,"projectvibrantjourneys:short_grass":4,"minecraft:sand":107,"minecraft:dirt":5,"minecraft:terracotta":1,"minecraft:polished_blackstone":6,"minecraft:stone_bricks":19,"minecraft:mossy_stone_bricks":1,"minecraft:oak_leaves":45,"minecraft:fern":1},"minecraft:killed_by":{"minecraft:ghast":4,"minecraft:husk":1,"undead_revamp2:sucker":1,"minecraft:player":2,"undead_revamp2:the_moonflower":1,"alexsmobs:leafcutter_ant":1,"minecraft:iron_golem":1,"undead_revamp2:thehorrors":3,"undead_revamp2:therod":1,"undead_revamp2:theheavy":1,"undead_revamp2:thebeartamer":1,"super_block_world:boom_boom":1},"minecraft:used":{"minecraft:iron_shovel":124,"minecraft:flint_and_steel":35,"minecraft:polished_blackstone":2,"minecraft:stone_shovel":1,"minecraft:decorated_pot":1,"minecraft:chest":8,"minecraft:iron_sword":22,"minecraft:smooth_sandstone_stairs":4,"minecraft:torch":1,"minecraft:dirt":4,"minecraft:spyglass":7,"super_block_world:toadstone_brick_stairs":1,"minecraft:brick_slab":1,"minecraft:jungle_planks":10,"super_block_world:toadstone_bricks":21,"super_block_world:hammer":4,"minecraft:lantern":3,"minecraft:iron_axe":217,"minecraft:jungle_log":1,"minecraft:polished_blackstone_brick_stairs":10,"minecraft:oak_sapling":1,"alexsmobs:banana":1,"minecraft:cooked_beef":14,"minecraft:stone_pressure_plate":1,"bygonenether:cobbled_blackstone":4,"minecraft:golden_axe":29,"trailsandtalesplus:banana":4,"minecraft:quartz_bricks":2,"minecraft:stone_pickaxe":130,"minecraft:baked_potato":58,"minecraft:cartography_table":1,"minecraft:wooden_pickaxe":11,"minecraft:sandstone":20,"minecraft:cut_sandstone":14,"minecraft:blue_bed":1,"minecraft:leather_boots":1,"minecraft:polished_blackstone_bricks":5,"minecraft:sand":96,"minecraft:terracotta":1,"minecraft:tnt":3,"super_block_world:power_star":2,"minecraft:crafting_table":8,"minecraft:blast_furnace":3,"minecraft:crossbow":14,"minecraft:smoker":1,"minecraft:diamond_pickaxe":6,"minecraft:chiseled_sandstone":2,"minecraft:cracked_polished_blackstone_bricks":11,"minecraft:melon_slice":4,"minecraft:bread":3,"minecraft:map":1,"minecraft:iron_pickaxe":294,"super_block_world:smooth_toadstone":1,"minecraft:soul_lantern":1,"minecraft:stone_axe":38,"minecraft:blue_carpet":1,"minecraft:enchanted_book":1,"super_block_world:warp_painting":1,"minecraft:cobblestone":63,"minecraft:cooked_porkchop":1,"alexsmobs:animal_dictionary":1},"minecraft:picked_up":{"minecraft:crafting_table":2,"minecraft:wheat":6,"super_block_world:green_warp_pipe":1,"alexsmobs:roadrunner_feather":1,"minecraft:diorite_slab":2,"minecraft:gold_block":1,"minecraft:enchanted_book":2,"minecraft:cornflower":1,"minecraft:polished_blackstone_brick_stairs":13,"minecraft:raw_copper":5,"minecraft:iron_axe":3,"minecraft:wooden_sword":2,"minecraft:polished_blackstone_wall":1,"alexsmobs:banana":2,"minecraft:jungle_sapling":13,"minecraft:poppy":3,"minecraft:iron_pickaxe":1,"minecraft:melon_slice":4,"minecraft:sugar_cane":6,"super_block_world:warp_painting":1,"minecraft:coal_block":1,"super_block_world:subcon_thread":5,"minecraft:stick":14,"minecraft:raw_iron":8,"minecraft:sandstone":33,"bygonenether:cobbled_blackstone":4,"minecraft:copper_ingot":1,"minecraft:polished_blackstone_bricks":16,"minecraft:golden_axe":2,"minecraft:porkchop":13,"super_block_world:toadstone_brick_stairs":1,"minecraft:diorite":2,"minecraft:stone_pressure_plate":1,"minecraft:blue_carpet":1,"minecraft:tnt":9,"minecraft:cactus":1,"minecraft:arrow":2,"minecraft:rotten_flesh":41,"minecraft:decorated_pot":1,"minecraft:hay_block":3,"minecraft:polished_blackstone":6,"supplementaries:ash":1,"undead_revamp2:arapholia":1,"alexsmobs:kangaroo_meat":3,"minecraft:cobblestone":58,"minecraft:feather":2,"minecraft:jungle_log":77,"minecraft:cut_sandstone":42,"super_block_world:green_pipe_body":4,"minecraft:smoker":1,"minecraft:smooth_sandstone_stairs":2,"super_block_world:raw_bronze":57,"minecraft:oak_log":32,"undead_revamp2:huntereye":1,"super_block_world:shy_guy_mask":2,"minecraft:diorite_stairs":3,"minecraft:lantern":3,"minecraft:dirt":6,"super_block_world:power_star":3,"super_block_world:smooth_toadstone":2,"minecraft:smooth_sandstone":7,"minecraft:bone":2,"minecraft:stone_bricks":11,"minecraft:apple":2,"minecraft:wheat_seeds":3,"trailsandtalesplus:banana":32,"minecraft:iron_ingot":15,"minecraft:acacia_sapling":2,"super_block_world:vanillate_crumble":7,"minecraft:cooked_porkchop":22,"minecraft:chiseled_stone_bricks":1,"minecraft:sand":118,"super_block_world:toadstone_bricks":28,"minecraft:jungle_planks":1,"minecraft:blast_furnace":3,"minecraft:chiseled_sandstone":3,"undead_revamp2:heavytooth":2,"minecraft:brick_slab":1,"undead_revamp2:rawbostrox":1,"minecraft:quartz_bricks":2,"alexsmobs:kangaroo_hide":1,"alexsmobs:guster_eye":1,"minecraft:soul_lantern":1,"minecraft:cracked_polished_blackstone_bricks":14,"alexsmobs:rattlesnake_rattle":2,"minecraft:bone_meal":1,"projectvibrantjourneys:orange_bark_mushroom":2,"minecraft:terracotta":1,"minecraft:chiseled_red_sandstone":1,"minecraft:oak_sapling":7,"projectvibrantjourneys:twigs":1,"minecraft:coal":28},"minecraft:broken":{"minecraft:stone_pickaxe":1,"minecraft:golden_axe":1,"minecraft:iron_axe":1,"minecraft:leather_boots":1}},"DataVersion":3465}