{"stats":{"minecraft:broken":{"minecraft:stone_pickaxe":1},"minecraft:picked_up":{"minecraft:crafting_table":2,"minecraft:jungle_log":2,"minecraft:smoker":1,"minecraft:oak_log":32,"minecraft:dirt":4,"super_block_world:power_star":2,"minecraft:raw_copper":5,"super_block_world:smooth_toadstone":1,"minecraft:apple":2,"minecraft:wheat_seeds":1,"trailsandtalesplus:banana":3,"minecraft:iron_ingot":7,"minecraft:jungle_sapling":1,"minecraft:iron_pickaxe":1,"minecraft:poppy":2,"minecraft:sugar_cane":6,"super_block_world:warp_painting":1,"minecraft:coal_block":1,"minecraft:stick":1,"minecraft:raw_iron":8,"super_block_world:toadstone_bricks":4,"minecraft:sand":4,"minecraft:porkchop":9,"minecraft:jungle_planks":1,"minecraft:blast_furnace":3,"minecraft:blue_carpet":1,"minecraft:brick_slab":1,"minecraft:quartz_bricks":2,"minecraft:rotten_flesh":13,"minecraft:hay_block":3,"supplementaries:ash":1,"minecraft:terracotta":1,"minecraft:oak_sapling":7,"minecraft:coal":28,"minecraft:cobblestone":39},"minecraft:mined":{"minecraft:blue_carpet":1,"minecraft:cut_sandstone":12,"minecraft:smoker":1,"minecraft:jungle_leaves":9,"minecraft:blue_stained_glass":1,"minecraft:crafting_table":2,"minecraft:cyan_stained_glass_pane":1,"minecraft:blast_furnace":3,"minecraft:grass_block":1,"minecraft:jungle_planks":1,"minecraft:jungle_log":2,"minecraft:white_stained_glass":1,"projectvibrantjourneys:mossy_rocks":1,"minecraft:copper_ore":1,"minecraft:cobblestone":3,"minecraft:quartz_bricks":2,"minecraft:sugar_cane":2,"super_block_world:toadstone_brick_stairs":5,"minecraft:sandstone":47,"minecraft:hay_block":3,"super_block_world:toadstone_brick_slab":3,"super_block_world:power_star":1,"minecraft:brick_slab":1,"super_block_world:toadstone_bricks":10,"super_block_world:smooth_toadstone":1,"minecraft:iron_ore":11,"minecraft:birch_leaves":2,"minecraft:grass":2,"minecraft:oak_log":33,"minecraft:coal_ore":15,"projectvibrantjourneys:short_grass":3,"minecraft:sand":4,"minecraft:dirt":4,"minecraft:terracotta":1,"minecraft:stone_bricks":2,"minecraft:stone":39,"minecraft:mossy_stone_bricks":1,"minecraft:oak_leaves":44},"minecraft:dropped":{"minecraft:stone_axe":1,"minecraft:spyglass":1,"minecraft:wheat_seeds":1,"minecraft:stone_sword":1,"minecraft:stone_shovel":1,"minecraft:rotten_flesh":13,"super_block_world:smooth_toadstone":1,"minecraft:poppy":2,"supplementaries:ash":1,"minecraft:map":4,"minecraft:oak_sapling":6,"minecraft:jungle_sapling":1,"minecraft:sand":4,"minecraft:wooden_pickaxe":1,"minecraft:iron_pickaxe":1,"minecraft:paper":4},"minecraft:killed":{"minecraft:husk":1,"minecraft:pig":5,"undead_revamp2:theimmortal":1,"undead_revamp2:the_moonflower":1,"minecraft:iron_golem":2,"super_block_world:boom_boom":1,"alexsmobs:toucan":1},"minecraft:used":{"trailsandtalesplus:banana":3,"minecraft:quartz_bricks":2,"minecraft:stone_shovel":1,"minecraft:stone_pickaxe":130,"minecraft:baked_potato":2,"minecraft:cartography_table":1,"minecraft:wooden_pickaxe":11,"minecraft:torch":1,"minecraft:spyglass":5,"minecraft:dirt":4,"minecraft:terracotta":1,"super_block_world:power_star":1,"minecraft:crafting_table":4,"minecraft:brick_slab":1,"minecraft:jungle_planks":4,"minecraft:blast_furnace":2,"minecraft:map":1,"minecraft:iron_axe":2,"minecraft:bread":3,"minecraft:iron_pickaxe":24,"minecraft:jungle_log":1,"minecraft:blue_carpet":1,"minecraft:stone_axe":38,"minecraft:cobblestone":52,"minecraft:oak_sapling":1,"minecraft:cooked_porkchop":1,"alexsmobs:animal_dictionary":1},"minecraft:crafted":{"minecraft:oak_planks":28,"minecraft:stone_shovel":1,"minecraft:spyglass":2,"minecraft:crafting_table":2,"minecraft:wooden_pickaxe":1,"minecraft:iron_sword":1,"minecraft:copper_ingot":4,"minecraft:bone_meal":9,"minecraft:stone_axe":1,"minecraft:bread":9,"minecraft:air":0,"minecraft:cartography_table":1,"minecraft:jungle_planks":4,"minecraft:paper":6,"minecraft:iron_axe":1,"minecraft:iron_hoe":1,"minecraft:stick":24,"minecraft:iron_ingot":10,"minecraft:iron_pickaxe":1,"minecraft:stone_pickaxe":1,"minecraft:iron_shovel":1,"minecraft:stone_sword":1,"minecraft:torch":4,"minecraft:stone_hoe":1,"minecraft:wheat":27},"minecraft:killed_by":{"undead_revamp2:sucker":1,"undead_revamp2:the_moonflower":1,"undead_revamp2:theheavy":1,"super_block_world:boom_boom":1,"undead_revamp2:thebeartamer":1},"minecraft:custom":{"minecraft:mob_kills":12,"minecraft:interact_with_cartography_table":7,"minecraft:interact_with_crafting_table":53,"minecraft:open_barrel":12,"minecraft:leave_game":3,"minecraft:time_since_death":31311,"minecraft:climb_one_cm":21028,"minecraft:time_since_rest":31355,"minecraft:sprint_one_cm":134375,"minecraft:damage_taken":1479,"minecraft:walk_one_cm":142130,"minecraft:drop":38,"minecraft:damage_dealt":4134,"minecraft:swim_one_cm":8297,"minecraft:fly_one_cm":387538,"minecraft:open_chest":28,"minecraft:crouch_one_cm":7600,"minecraft:play_time":98392,"minecraft:deaths":6,"minecraft:sneak_time":3878,"minecraft:walk_under_water_one_cm":15001,"minecraft:jump":1808,"minecraft:interact_with_blast_furnace":6,"minecraft:walk_on_water_one_cm":18038,"minecraft:total_world_time":98392,"minecraft:fall_one_cm":246386}},"DataVersion":3465}