{"stats":{"minecraft:broken":{"minecraft:stone_pickaxe":1,"minecraft:golden_axe":1,"minecraft:iron_axe":1,"minecraft:leather_boots":1,"minecraft:iron_pickaxe":1},"minecraft:picked_up":{"minecraft:wheat":8,"minecraft:potion":3,"minecraft:enchanted_book":2,"minecraft:brewing_stand":1,"minecraft:polished_blackstone_brick_stairs":13,"minecraft:string":7,"minecraft:raw_copper":5,"minecraft:cobbled_deepslate":178,"alexsmobs:banana":2,"minecraft:spruce_planks":4,"minecraft:rose_bush":1,"minecraft:iron_pickaxe":1,"minecraft:melon_slice":4,"super_block_world:warp_painting":2,"minecraft:coal_block":1,"super_block_world:subcon_thread":8,"minecraft:stick":15,"minecraft:big_dripleaf":2,"minecraft:spruce_stairs":5,"minecraft:porkchop":13,"minecraft:golden_axe":2,"super_block_world:toadstone_brick_stairs":1,"minecraft:diorite":2,"minecraft:brown_carpet":7,"minecraft:cactus":17,"minecraft:rotten_flesh":50,"supplementaries:ash":1,"undead_revamp2:arapholia":1,"minecraft:cobblestone":121,"super_block_world:red_toad_stool":1,"minecraft:feather":2,"trailsandtalesplus:voidum":11,"minecraft:jungle_log":77,"minecraft:smoker":1,"minecraft:smooth_sandstone_stairs":5,"undead_revamp2:huntereye":1,"supplementaries:flax_seeds":2,"super_block_world:shy_guy_mask":4,"minecraft:lapis_lazuli":46,"minecraft:lantern":3,"minecraft:dirt":45,"minecraft:cut_sandstone_slab":1,"super_block_world:power_star":4,"super_block_world:smooth_toadstone":2,"minecraft:bone":4,"trailsandtalesplus:banana":32,"minecraft:wheat_seeds":4,"minecraft:raw_gold":6,"minecraft:grindstone":1,"minecraft:bamboo":2,"minecraft:moss_block":4,"minecraft:cooked_porkchop":22,"trailsandtalesplus:toughen_deepslate":22,"unusualfishmod:raw_hatchetfish":2,"minecraft:jungle_planks":1,"minecraft:sand":131,"super_block_world:toadstone_bricks":28,"minecraft:chiseled_sandstone":3,"undead_revamp2:heavytooth":2,"minecraft:quartz_bricks":2,"alexsmobs:kangaroo_hide":1,"alexsmobs:guster_eye":2,"minecraft:diamond":11,"minecraft:soul_lantern":1,"minecraft:cracked_polished_blackstone_bricks":14,"alexsmobs:rattlesnake_rattle":2,"minecraft:bone_meal":3,"minecraft:bread":1,"minecraft:chiseled_red_sandstone":1,"minecraft:oak_sapling":7,"minecraft:mud":4,"minecraft:crafting_table":2,"super_block_world:green_warp_pipe":1,"friendsandfoes:totem_of_illusion":2,"alexsmobs:roadrunner_feather":1,"minecraft:diorite_slab":2,"minecraft:gold_block":1,"minecraft:chain":6,"minecraft:cornflower":1,"minecraft:jungle_trapdoor":11,"minecraft:moss_carpet":1,"minecraft:iron_axe":4,"minecraft:wooden_sword":2,"minecraft:polished_blackstone_wall":1,"minecraft:spruce_slab":4,"minecraft:jungle_sapling":13,"minecraft:poppy":3,"minecraft:sugar_cane":6,"alexsmobs:pocket_sand":1,"minecraft:raw_iron":29,"minecraft:sandstone":59,"bygonenether:cobbled_blackstone":4,"minecraft:copper_ingot":3,"minecraft:spruce_fence":16,"minecraft:polished_blackstone_bricks":16,"minecraft:jungle_fence_gate":2,"minecraft:carrot":8,"minecraft:redstone":27,"minecraft:blue_carpet":1,"minecraft:stone_pressure_plate":1,"minecraft:tnt":9,"minecraft:arrow":5,"minecraft:beetroot_seeds":1,"minecraft:decorated_pot":1,"minecraft:peony":2,"trailsandtalesplus:celestine_block":2,"minecraft:hay_block":3,"minecraft:sandstone_stairs":2,"super_block_world:gritzy_sand":19,"minecraft:polished_blackstone":6,"minecraft:glow_berries":72,"alexsmobs:kangaroo_meat":3,"minecraft:cut_sandstone":144,"super_block_world:green_pipe_body":4,"super_block_world:raw_bronze":57,"minecraft:oak_log":32,"minecraft:chainmail_chestplate":1,"minecraft:gunpowder":2,"minecraft:diorite_stairs":3,"minecraft:smooth_sandstone":11,"super_block_world:gritzy_sandstone":7,"minecraft:apple":2,"minecraft:stone_bricks":11,"minecraft:iron_ingot":15,"minecraft:acacia_sapling":2,"minecraft:flowering_azalea":1,"super_block_world:vanillate_crumble":7,"minecraft:chiseled_stone_bricks":1,"minecraft:gravel":3,"minecraft:blast_furnace":3,"minecraft:spruce_log":3,"minecraft:brick_slab":1,"undead_revamp2:rawbostrox":1,"trailsandtalesplus:celestine":34,"minecraft:terracotta":1,"projectvibrantjourneys:orange_bark_mushroom":2,"projectvibrantjourneys:twigs":1,"minecraft:coal":140},"minecraft:mined":{"minecraft:blue_carpet":1,"minecraft:cut_sandstone_slab":1,"minecraft:spruce_planks":5,"minecraft:stone_pressure_plate":1,"minecraft:chiseled_red_sandstone":1,"alexsmobs:leafcutter_anthill":2,"minecraft:jungle_leaves":19,"minecraft:brewing_stand":1,"minecraft:cave_vines_plant":100,"super_block_world:green_warp_pipe":1,"minecraft:grass_block":13,"minecraft:jungle_log":77,"minecraft:cracked_polished_blackstone_bricks":10,"minecraft:chiseled_stone_bricks":9,"minecraft:sandstone_stairs":2,"minecraft:polished_blackstone_bricks":8,"minecraft:tall_seagrass":6,"super_block_world:smooth_toadstone":2,"minecraft:cobbled_deepslate":3,"minecraft:sticky_piston":2,"minecraft:iron_ore":19,"minecraft:fire":25,"minecraft:moss_carpet":1,"super_block_world:bronze_ore":58,"minecraft:cave_vines":79,"amendments:wall_lantern":2,"minecraft:smooth_sandstone_stairs":5,"minecraft:azalea_leaves":2,"minecraft:azalea":1,"minecraft:spruce_slab":4,"minecraft:jungle_trapdoor":19,"minecraft:deepslate_redstone_ore":7,"minecraft:cut_sandstone":142,"minecraft:blackstone":11,"supplementaries:book_pile":1,"minecraft:smoker":1,"minecraft:blue_stained_glass":1,"minecraft:soul_lantern":1,"trailsandtalesplus:celestine_cluster":8,"minecraft:blast_furnace":3,"minecraft:melon":1,"minecraft:dead_bush":2,"super_block_world:green_pipe_body":4,"minecraft:cobblestone":8,"minecraft:grindstone":1,"minecraft:sugar_cane":2,"super_block_world:toadstone_brick_stairs":7,"minecraft:seagrass":2,"minecraft:chain":7,"super_block_world:toadstone_brick_slab":3,"minecraft:mud":4,"trailsandtalesplus:celestine_block":2,"minecraft:tnt":9,"minecraft:grass":10,"minecraft:oak_log":33,"projectvibrantjourneys:short_grass":6,"minecraft:dirt":32,"minecraft:sand":116,"minecraft:oak_leaves":45,"minecraft:deepslate":187,"minecraft:deepslate_diamond_ore":11,"super_block_world:vanillate_crumble":1,"projectvibrantjourneys:rocks":2,"minecraft:spruce_fence":17,"minecraft:decorated_pot":1,"minecraft:jungle_planks":1,"minecraft:white_stained_glass":1,"super_block_world:topped_vanillate":1,"minecraft:moss_block":4,"minecraft:sandstone":102,"minecraft:hay_block":3,"minecraft:carrots":1,"minecraft:chiseled_sandstone":1,"minecraft:andesite":1,"minecraft:big_dripleaf_stem":1,"minecraft:peony":2,"minecraft:gold_block":1,"minecraft:deepslate_iron_ore":13,"minecraft:vine":5,"trailsandtalesplus:voidum_deepslate_ore":11,"minecraft:stone":111,"trailsandtalesplus:toughen_deepslate":23,"minecraft:jungle_fence_gate":2,"minecraft:podzol":1,"minecraft:flowering_azalea":1,"minecraft:brown_carpet":7,"minecraft:smooth_sandstone":11,"minecraft:crafting_table":2,"minecraft:cornflower":1,"minecraft:cyan_stained_glass_pane":1,"minecraft:rose_bush":1,"projectvibrantjourneys:mossy_rocks":1,"minecraft:tall_grass":1,"minecraft:copper_ore":1,"minecraft:deepslate_coal_ore":94,"minecraft:quartz_bricks":2,"minecraft:lapis_ore":8,"minecraft:polished_blackstone_brick_stairs":3,"supplementaries:urn":1,"minecraft:spruce_stairs":5,"minecraft:cactus":9,"super_block_world:power_star":2,"minecraft:brick_slab":1,"super_block_world:toadstone_bricks":38,"trailsandtalesplus:budding_celestine":1,"super_block_world:vanillate":6,"super_block_world:red_toad_stool":1,"minecraft:spruce_log":3,"minecraft:birch_leaves":2,"minecraft:coal_ore":37,"minecraft:gravel":3,"minecraft:cobweb":4,"minecraft:terracotta":1,"minecraft:polished_blackstone":6,"minecraft:stone_bricks":19,"minecraft:mossy_stone_bricks":1,"minecraft:gold_ore":6,"super_block_world:gritzy_sand":3,"minecraft:fern":2},"minecraft:dropped":{"minecraft:glass_bottle":1,"minecraft:cooked_porkchop":11,"projectvibrantjourneys:orange_bark_mushroom":2,"friendsandfoes:totem_of_illusion":1,"minecraft:jungle_sapling":1,"minecraft:bone_meal":1,"minecraft:wooden_sword":2,"minecraft:sand":4,"minecraft:iron_pickaxe":1,"minecraft:diorite_slab":2,"minecraft:bone":2,"minecraft:stone_axe":1,"minecraft:spyglass":1,"minecraft:rotten_flesh":21,"minecraft:jungle_trapdoor":9,"minecraft:chainmail_chestplate":1,"minecraft:poppy":3,"super_block_world:smooth_toadstone":1,"supplementaries:flax_seeds":2,"supplementaries:ash":1,"minecraft:beetroot_seeds":1,"minecraft:spruce_slab":3,"minecraft:arrow":10,"undead_revamp2:rawbostrox":1,"minecraft:iron_ingot":16,"minecraft:wheat_seeds":2,"minecraft:cobblestone":4,"minecraft:spruce_stairs":5,"minecraft:golden_apple":1,"minecraft:stick":3,"minecraft:map":4,"minecraft:paper":4,"minecraft:smooth_sandstone":2,"minecraft:sweet_berries":7,"minecraft:stone_sword":1,"minecraft:stone_shovel":1,"super_block_world:subcon_thread":1,"undead_revamp2:heavytooth":1,"alexsmobs:pocket_sand":1,"minecraft:oak_sapling":6,"trailsandtalesplus:voidum":1,"minecraft:brown_carpet":7,"minecraft:bow":1,"minecraft:wooden_pickaxe":1},"minecraft:killed":{"minecraft:spider":1,"undead_revamp2:thesmoker":3,"minecraft:skeleton":2,"alexsmobs:leafcutter_ant":1,"undead_revamp2:therod":3,"minecraft:illusioner":1,"undead_revamp2:thepregnant":1,"alexsmobs:kangaroo":2,"minecraft:pig":7,"minecraft:iron_golem":3,"undead_revamp2:theheavy":1,"unusualfishmod:spindlefish":1,"minecraft:creeper":2,"alexsmobs:toucan":1,"unusualfishmod:hatchet_fish":2,"alexsmobs:rain_frog":1,"alexsmobs:roadrunner":2,"undead_revamp2:thehunter":5,"undead_revamp2:theimmortal":5,"undead_revamp2:thegliter":1,"minecraft:vindicator":1,"undead_revamp2:bomber":1,"alexsmobs:rattlesnake":3,"super_block_world:boom_boom":4,"undead_revamp2:thehorrors":2,"undead_revamp2:sucker":5,"minecraft:husk":5,"alexsmobs:guster":4,"undead_revamp2:the_moonflower":5,"super_block_world:shy_guy":14,"undead_revamp2:thesomnolence":1,"minecraft:villager":2,"minecraft:enderman":1},"minecraft:used":{"minecraft:iron_shovel":181,"minecraft:spruce_slab":1,"minecraft:polished_blackstone":2,"minecraft:decorated_pot":1,"minecraft:chest":10,"minecraft:iron_sword":28,"minecraft:smooth_sandstone_stairs":6,"alexsmobs:pocket_sand":42,"minecraft:brick_slab":1,"minecraft:jungle_planks":10,"minecraft:jungle_sapling":4,"minecraft:lantern":3,"super_block_world:gritzy_sand":3,"minecraft:oak_sapling":1,"bygonenether:cobbled_blackstone":4,"minecraft:stone_pickaxe":130,"minecraft:wooden_pickaxe":11,"minecraft:sandstone":42,"minecraft:diamond_axe":52,"minecraft:blue_bed":1,"minecraft:sand":103,"super_block_world:power_star":2,"super_block_world:gritzy_sandstone":11,"minecraft:blast_furnace":3,"minecraft:crossbow":14,"minecraft:chiseled_sandstone":2,"minecraft:bread":34,"trailsandtalesplus:celestine_block":2,"minecraft:melon_slice":4,"super_block_world:smooth_toadstone":1,"minecraft:soul_lantern":1,"super_block_world:warp_painting":2,"minecraft:grindstone":1,"minecraft:bone_meal":13,"minecraft:enchanting_table":1,"minecraft:flint_and_steel":51,"minecraft:stone_shovel":1,"minecraft:spruce_planks":4,"minecraft:torch":21,"minecraft:dirt":8,"minecraft:spyglass":7,"super_block_world:toadstone_brick_stairs":1,"minecraft:jungle_trapdoor":2,"super_block_world:toadstone_bricks":21,"super_block_world:hammer":4,"minecraft:iron_axe":302,"minecraft:jungle_log":1,"minecraft:polished_blackstone_brick_stairs":10,"minecraft:iron_boots":1,"minecraft:bamboo":1,"alexsmobs:banana":1,"minecraft:stone_pressure_plate":1,"minecraft:cooked_beef":24,"minecraft:cobbled_deepslate":105,"minecraft:golden_axe":29,"trailsandtalesplus:banana":4,"minecraft:quartz_bricks":2,"minecraft:glass_bottle":1,"minecraft:baked_potato":58,"minecraft:cartography_table":1,"minecraft:cut_sandstone":126,"minecraft:leather_boots":1,"super_block_world:red_toad_stool":1,"minecraft:polished_blackstone_bricks":5,"minecraft:terracotta":1,"minecraft:tnt":8,"minecraft:crafting_table":8,"minecraft:spruce_log":1,"minecraft:smoker":1,"minecraft:diamond_pickaxe":580,"minecraft:cracked_polished_blackstone_bricks":11,"minecraft:iron_pickaxe":339,"minecraft:map":1,"minecraft:stone_axe":38,"minecraft:blue_carpet":1,"minecraft:enchanted_book":1,"minecraft:cobblestone":107,"minecraft:potion":2,"minecraft:cooked_porkchop":1,"alexsmobs:animal_dictionary":1},"minecraft:crafted":{"minecraft:oak_planks":64,"immersive_aircraft:telescope":1,"super_block_world:hammer":4,"minecraft:iron_boots":1,"minecraft:chest":10,"minecraft:stone_hoe":1,"super_block_world:gritzy_sandstone":4,"minecraft:golden_axe":1,"minecraft:arrow":4,"minecraft:diamond_axe":1,"minecraft:crafting_table":6,"minecraft:spruce_planks":8,"minecraft:wooden_pickaxe":1,"minecraft:copper_ingot":4,"minecraft:cartography_table":1,"minecraft:iron_chestplate":1,"minecraft:paper":6,"minecraft:stick":40,"minecraft:iron_ingot":29,"minecraft:iron_pickaxe":1,"minecraft:stone_sword":1,"minecraft:sandstone":1,"minecraft:stone_shovel":1,"minecraft:tripwire_hook":2,"minecraft:spyglass":2,"minecraft:bone_meal":9,"minecraft:flint_and_steel":1,"alexsmobs:pocket_sand":1,"minecraft:iron_axe":2,"minecraft:iron_hoe":1,"minecraft:stone_pickaxe":1,"super_block_world:bronze_ingot":56,"minecraft:wheat":27,"minecraft:smooth_sandstone_stairs":4,"minecraft:enchanting_table":1,"minecraft:iron_sword":1,"minecraft:blue_bed":1,"minecraft:stone_axe":1,"minecraft:bread":9,"minecraft:air":0,"minecraft:jungle_planks":76,"minecraft:blue_dye":1,"minecraft:white_wool":3,"immersive_aircraft:heavy_crossbow":1,"minecraft:iron_shovel":1,"minecraft:iron_leggings":1,"minecraft:white_bed":1,"minecraft:torch":36},"minecraft:custom":{"minecraft:interact_with_crafting_table":83,"minecraft:open_barrel":35,"minecraft:bell_ring":86,"minecraft:leave_game":6,"minecraft:time_since_death":9963,"minecraft:sprint_one_cm":723903,"minecraft:drop":97,"minecraft:talked_to_villager":1,"minecraft:play_time":420310,"minecraft:deaths":31,"minecraft:jump":7894,"minecraft:interact_with_brewingstand":1,"minecraft:walk_on_water_one_cm":49672,"minecraft:enchant_item":3,"minecraft:interact_with_cartography_table":7,"minecraft:sleep_in_bed":16,"minecraft:damage_dealt":27353,"minecraft:player_kills":2,"minecraft:crouch_one_cm":43070,"minecraft:interact_with_smoker":5,"minecraft:use_cauldron":1,"minecraft:mob_kills":95,"minecraft:damage_dealt_resisted":408,"minecraft:climb_one_cm":70894,"minecraft:walk_one_cm":910832,"minecraft:sneak_time":18084,"minecraft:walk_under_water_one_cm":64214,"minecraft:interact_with_blast_furnace":25,"minecraft:total_world_time":420310,"minecraft:interact_with_grindstone":2,"minecraft:time_since_rest":182,"minecraft:damage_taken":12308,"minecraft:swim_one_cm":42600,"minecraft:fly_one_cm":1722209,"minecraft:open_chest":193,"minecraft:fall_one_cm":1068356},"minecraft:killed_by":{"minecraft:ghast":4,"undead_revamp2:sucker":1,"undead_revamp2:the_moonflower":1,"alexsmobs:leafcutter_ant":1,"minecraft:witch":2,"undead_revamp2:theheavy":1,"super_block_world:boom_boom":1,"minecraft:illusioner":1,"minecraft:husk":1,"minecraft:player":2,"minecraft:iron_golem":1,"undead_revamp2:thespitter":1,"undead_revamp2:thehorrors":3,"undead_revamp2:therod":2,"undead_revamp2:thebeartamer":1}},"DataVersion":3465}