{"stats":{"minecraft:mined":{"minecraft:birch_leaves":2},"minecraft:used":{"alexsmobs:animal_dictionary":1},"minecraft:custom":{"minecraft:jump":123,"minecraft:time_since_rest":5570,"minecraft:damage_dealt":30,"minecraft:crouch_one_cm":182,"minecraft:sprint_one_cm":1270,"minecraft:play_time":5570,"minecraft:damage_taken":25,"minecraft:time_since_death":5570,"minecraft:walk_one_cm":4090,"minecraft:sneak_time":105,"minecraft:climb_one_cm":470,"minecraft:total_world_time":5570,"minecraft:fall_one_cm":11674,"minecraft:fly_one_cm":7375}},"DataVersion":3465}