{"stats":{"minecraft:used":{"minecraft:wooden_sword":9,"minecraft:crafting_table":1},"minecraft:killed":{"minecraft:spider":1},"minecraft:custom":{"minecraft:time_since_rest":2457,"minecraft:play_time":6855,"minecraft:crouch_one_cm":354,"minecraft:sprint_one_cm":6683,"minecraft:walk_one_cm":11383,"minecraft:damage_taken":400,"minecraft:deaths":1,"minecraft:sneak_time":158,"minecraft:mob_kills":1,"minecraft:drop":1,"minecraft:jump":35,"minecraft:damage_dealt":345,"minecraft:leave_game":1,"minecraft:time_since_death":2422,"minecraft:total_world_time":6855,"minecraft:interact_with_crafting_table":1,"minecraft:fall_one_cm":902,"minecraft:fly_one_cm":5708,"minecraft:player_kills":1},"minecraft:crafted":{"minecraft:wooden_sword":1,"minecraft:oak_planks":16,"minecraft:crafting_table":1,"minecraft:stick":4},"minecraft:mined":{"minecraft:grass":1,"minecraft:oak_leaves":2},"minecraft:picked_up":{"minecraft:oak_log":4,"minecraft:spider_eye":1},"minecraft:dropped":{"minecraft:spider_eye":1}},"DataVersion":3465}