{"stats":{"minecraft:killed":{"undead_revamp2:thesomnolence":1,"undead_revamp2:theimmortal":1},"minecraft:mined":{"create:zinc_ore":9,"minecraft:spruce_stairs":2,"minecraft:dark_oak_slab":3,"minecraft:amethyst_cluster":1,"minecraft:potted_crimson_fungus":1,"minecraft:dark_oak_stairs":2,"minecraft:blast_furnace":2,"minecraft:coal_ore":23,"minecraft:oak_log":8,"minecraft:white_stained_glass_pane":2,"minecraft:stone":6},"minecraft:dropped":{"minecraft:pufferfish":1},"minecraft:used":{"minecraft:iron_pickaxe":53,"minecraft:chest":1,"minecraft:stone":4,"minecraft:leather_boots":1,"minecraft:cobblestone":6,"minecraft:crafting_table":1,"minecraft:spruce_stairs":1,"minecraft:blast_furnace":2,"quark:oak_chest":2,"minecraft:cooked_beef":2,"minecraft:cobweb":6},"minecraft:picked_up":{"minecraft:dark_oak_slab":3,"minecraft:flower_pot":1,"minecraft:spruce_stairs":1,"minecraft:crimson_fungus":1,"minecraft:amethyst_shard":4,"create:raw_zinc":9,"minecraft:oak_log":8,"minecraft:blast_furnace":2,"minecraft:chest":1,"minecraft:coal":23,"minecraft:dark_oak_stairs":2,"minecraft:cobblestone":6},"minecraft:crafted":{"minecraft:oak_planks":32,"minecraft:iron_axe":1,"minecraft:crafting_table":1,"minecraft:iron_hoe":1,"minecraft:stick":16,"quark:oak_chest":2,"minecraft:iron_pickaxe":2,"minecraft:iron_ingot":4,"minecraft:iron_sword":1,"minecraft:iron_shovel":1,"minecraft:air":0},"minecraft:custom":{"minecraft:time_since_rest":14051,"lootr:looted_stat":18,"minecraft:sprint_one_cm":68373,"minecraft:damage_taken":169,"minecraft:walk_one_cm":58955,"minecraft:mob_kills":2,"minecraft:drop":1,"minecraft:damage_dealt":758,"minecraft:interact_with_crafting_table":4,"minecraft:fly_one_cm":41062,"minecraft:player_kills":1,"minecraft:open_chest":4,"minecraft:crouch_one_cm":1424,"minecraft:play_time":20878,"minecraft:sneak_time":768,"minecraft:walk_under_water_one_cm":761,"minecraft:jump":264,"minecraft:interact_with_blast_furnace":3,"minecraft:walk_on_water_one_cm":1168,"minecraft:time_since_death":20878,"minecraft:sleep_in_bed":1,"minecraft:climb_one_cm":3636,"minecraft:total_world_time":20878,"minecraft:fall_one_cm":29511}},"DataVersion":3465}