{"stats":{"minecraft:used":{"minecraft:wooden_sword":12,"minecraft:crafting_table":1},"minecraft:mined":{"minecraft:grass":1,"minecraft:birch_leaves":1,"minecraft:oak_leaves":3},"minecraft:dropped":{"minecraft:spider_eye":1},"minecraft:killed":{"minecraft:spider":1},"minecraft:custom":{"minecraft:time_since_rest":6376,"minecraft:crouch_one_cm":356,"minecraft:sprint_one_cm":7718,"minecraft:play_time":10774,"minecraft:damage_taken":490,"minecraft:deaths":1,"minecraft:walk_one_cm":16680,"minecraft:sneak_time":196,"minecraft:mob_kills":1,"minecraft:drop":1,"minecraft:jump":65,"minecraft:damage_dealt":435,"minecraft:leave_game":3,"minecraft:time_since_death":6341,"minecraft:total_world_time":10774,"minecraft:interact_with_crafting_table":1,"minecraft:fall_one_cm":2095,"minecraft:fly_one_cm":7905,"minecraft:player_kills":2},"minecraft:picked_up":{"minecraft:oak_log":4,"minecraft:spider_eye":1},"minecraft:crafted":{"minecraft:wooden_sword":1,"minecraft:oak_planks":16,"minecraft:crafting_table":1,"minecraft:stick":4}},"DataVersion":3465}