{"stats":{"minecraft:crafted":{"minecraft:oak_planks":68,"immersive_aircraft:telescope":1,"super_block_world:hammer":4,"quark:cherry_chest":2,"minecraft:iron_boots":1,"minecraft:chest":10,"minecraft:stone_hoe":1,"super_block_world:gritzy_sandstone":4,"minecraft:golden_axe":1,"supplementaries:rope_arrow":1,"minecraft:arrow":4,"minecraft:diamond_axe":1,"minecraft:crafting_table":7,"minecraft:spruce_planks":8,"minecraft:wooden_pickaxe":1,"minecraft:copper_ingot":4,"minecraft:fletching_table":1,"minecraft:cartography_table":1,"minecraft:iron_chestplate":1,"minecraft:paper":6,"minecraft:cherry_sign":3,"minecraft:stick":52,"minecraft:iron_ingot":29,"minecraft:iron_pickaxe":1,"minecraft:stone_sword":1,"minecraft:sandstone":1,"minecraft:cherry_planks":36,"minecraft:stone_shovel":1,"minecraft:tripwire_hook":2,"minecraft:spyglass":2,"quark:jungle_chest":2,"minecraft:bone_meal":9,"minecraft:flint_and_steel":1,"alexsmobs:pocket_sand":1,"supplementaries:bomb":8,"minecraft:iron_axe":2,"minecraft:iron_hoe":1,"minecraft:stone_pickaxe":1,"super_block_world:bronze_ingot":56,"minecraft:golden_helmet":1,"minecraft:wheat":27,"minecraft:smooth_sandstone_stairs":4,"minecraft:enchanting_table":1,"minecraft:iron_sword":1,"minecraft:blue_bed":1,"minecraft:stone_axe":1,"minecraft:bread":9,"minecraft:air":0,"minecraft:jungle_planks":156,"minecraft:blue_dye":1,"minecraft:white_wool":6,"immersive_aircraft:heavy_crossbow":1,"minecraft:iron_shovel":1,"minecraft:iron_leggings":1,"minecraft:white_bed":2,"minecraft:torch":104},"minecraft:picked_up":{"minecraft:wheat":8,"minecraft:potion":3,"minecraft:enchanted_book":2,"minecraft:brewing_stand":1,"minecraft:polished_blackstone_brick_stairs":13,"minecraft:string":55,"minecraft:raw_copper":5,"alexsmobs:banana":7,"minecraft:cobbled_deepslate":364,"minecraft:spruce_planks":6,"minecraft:rose_bush":1,"minecraft:azalea":21,"minecraft:iron_pickaxe":2,"minecraft:melon_slice":4,"super_block_world:warp_painting":2,"minecraft:coal_block":1,"minecraft:mangrove_log":57,"super_block_world:subcon_thread":8,"minecraft:stick":53,"minecraft:big_dripleaf":2,"minecraft:torch":9,"minecraft:spruce_stairs":5,"minecraft:porkchop":13,"super_block_world:toadstone_brick_stairs":1,"minecraft:golden_axe":2,"minecraft:cherry_log":19,"minecraft:diorite":4,"minecraft:brown_carpet":7,"minecraft:cactus":17,"minecraft:rotten_flesh":70,"supplementaries:ash":1,"undead_revamp2:arapholia":5,"minecraft:cobblestone":126,"super_block_world:red_toad_stool":1,"minecraft:feather":2,"trailsandtalesplus:voidum":11,"minecraft:jungle_log":132,"minecraft:jungle_wood":33,"minecraft:smoker":1,"minecraft:flint":1,"minecraft:smooth_sandstone_stairs":7,"supplementaries:flax_seeds":2,"undead_revamp2:huntereye":1,"super_block_world:shy_guy_mask":4,"super_block_world:power_star":4,"minecraft:lapis_lazuli":46,"minecraft:cut_sandstone_slab":1,"minecraft:dirt":53,"minecraft:lantern":3,"super_block_world:smooth_toadstone":2,"minecraft:bone":6,"undead_revamp2:blacpetalblock":1,"trailsandtalesplus:banana":82,"minecraft:wheat_seeds":5,"minecraft:raw_gold":6,"minecraft:grindstone":1,"minecraft:bamboo":2,"minecraft:moss_block":7,"minecraft:cooked_porkchop":22,"trailsandtalesplus:toughen_deepslate":46,"unusualfishmod:raw_hatchetfish":4,"super_block_world:toadstone_bricks":28,"minecraft:jungle_planks":4,"minecraft:sand":137,"minecraft:chiseled_sandstone":8,"undead_revamp2:heavytooth":2,"minecraft:quartz_bricks":2,"alexsmobs:kangaroo_hide":1,"alexsmobs:guster_eye":2,"minecraft:diamond":19,"minecraft:soul_lantern":1,"platanitos:pinecone":169,"minecraft:cracked_polished_blackstone_bricks":14,"alexsmobs:rattlesnake_rattle":3,"minecraft:crossbow":1,"minecraft:bone_meal":6,"minecraft:emerald":3,"minecraft:chainmail_helmet":1,"minecraft:bread":1,"alexsmobs:maggot":1,"minecraft:chiseled_red_sandstone":1,"minecraft:oak_sapling":7,"minecraft:mud":23,"minecraft:cocoa_beans":3,"minecraft:crafting_table":3,"super_block_world:green_warp_pipe":1,"friendsandfoes:totem_of_illusion":2,"alexsmobs:roadrunner_feather":2,"minecraft:diorite_slab":2,"minecraft:gold_block":1,"minecraft:chain":6,"minecraft:cornflower":1,"minecraft:jungle_trapdoor":11,"minecraft:moss_carpet":5,"minecraft:iron_axe":5,"minecraft:wooden_sword":2,"minecraft:iron_shovel":1,"minecraft:polished_blackstone_wall":1,"minecraft:cracked_stone_bricks":1,"minecraft:poppy":3,"minecraft:jungle_sapling":19,"minecraft:spruce_slab":4,"minecraft:chest":1,"minecraft:sugar_cane":6,"alexsmobs:pocket_sand":1,"minecraft:raw_iron":32,"minecraft:sandstone":67,"bygonenether:cobbled_blackstone":108,"projectvibrantjourneys:bark_mushroom":8,"minecraft:copper_ingot":3,"minecraft:spruce_fence":16,"minecraft:polished_blackstone_bricks":16,"minecraft:cookie":5,"minecraft:jungle_fence_gate":2,"minecraft:carrot":8,"minecraft:redstone":27,"minecraft:blue_carpet":1,"minecraft:stone_pressure_plate":1,"minecraft:tnt":9,"minecraft:arrow":7,"minecraft:decorated_pot":1,"minecraft:beetroot_seeds":2,"minecraft:peony":2,"trailsandtalesplus:celestine_block":2,"minecraft:hay_block":3,"minecraft:sandstone_stairs":2,"super_block_world:gritzy_sand":19,"minecraft:polished_blackstone":6,"minecraft:glow_berries":145,"alexsmobs:kangaroo_meat":3,"minecraft:cut_sandstone":170,"super_block_world:green_pipe_body":4,"minecraft:oak_log":32,"super_block_world:raw_bronze":57,"minecraft:chainmail_chestplate":1,"minecraft:gunpowder":4,"projectvibrantjourneys:spruce_hollow_log":5,"sanitydim:garland":1,"minecraft:diorite_stairs":3,"minecraft:white_banner":4,"minecraft:smooth_sandstone":12,"super_block_world:gritzy_sandstone":7,"minecraft:apple":2,"minecraft:stone_bricks":12,"minecraft:iron_ingot":17,"minecraft:acacia_sapling":2,"minecraft:flowering_azalea":6,"super_block_world:vanillate_crumble":7,"projectvibrantjourneys:light_brown_bark_mushroom":4,"minecraft:chiseled_stone_bricks":1,"minecraft:gravel":32,"minecraft:spruce_sapling":25,"minecraft:blast_furnace":3,"minecraft:spruce_log":93,"minecraft:spider_eye":1,"minecraft:brick_slab":1,"undead_revamp2:rawbostrox":1,"minecraft:iron_helmet":2,"minecraft:diamond_axe":1,"minecraft:cherry_sapling":6,"trailsandtalesplus:celestine":34,"minecraft:terracotta":1,"projectvibrantjourneys:orange_bark_mushroom":7,"projectvibrantjourneys:twigs":1,"minecraft:coal":174,"minecraft:ender_pearl":1},"minecraft:custom":{"lootr:looted_stat":4,"minecraft:interact_with_crafting_table":95,"minecraft:open_barrel":35,"minecraft:bell_ring":87,"minecraft:leave_game":18,"minecraft:time_since_death":5914,"minecraft:damage_resisted":119,"minecraft:sprint_one_cm":1017075,"minecraft:drop":156,"minecraft:talked_to_villager":9,"minecraft:play_time":598940,"minecraft:deaths":45,"minecraft:jump":10845,"minecraft:interact_with_brewingstand":1,"minecraft:walk_on_water_one_cm":82643,"minecraft:enchant_item":3,"minecraft:traded_with_villager":9,"minecraft:interact_with_cartography_table":7,"minecraft:sleep_in_bed":19,"minecraft:damage_dealt":50547,"minecraft:player_kills":7,"minecraft:crouch_one_cm":80287,"minecraft:interact_with_smoker":5,"minecraft:use_cauldron":1,"minecraft:mob_kills":205,"minecraft:damage_dealt_resisted":1856,"minecraft:climb_one_cm":97646,"minecraft:walk_one_cm":1423419,"minecraft:target_hit":1,"minecraft:sneak_time":31561,"minecraft:walk_under_water_one_cm":81010,"minecraft:interact_with_blast_furnace":27,"minecraft:total_world_time":598940,"minecraft:raid_trigger":1,"minecraft:interact_with_grindstone":2,"minecraft:time_since_rest":5941,"minecraft:damage_taken":19541,"minecraft:swim_one_cm":46424,"minecraft:fly_one_cm":3526613,"minecraft:open_chest":263,"minecraft:fall_one_cm":1482157},"minecraft:mined":{"minecraft:blue_carpet":1,"minecraft:cut_sandstone_slab":1,"minecraft:stone_pressure_plate":1,"minecraft:spruce_planks":6,"minecraft:cherry_log":24,"minecraft:chiseled_red_sandstone":1,"alexsmobs:leafcutter_anthill":2,"minecraft:jungle_leaves":20,"minecraft:brewing_stand":1,"minecraft:cave_vines_plant":148,"super_block_world:green_warp_pipe":1,"minecraft:grass_block":15,"minecraft:jungle_log":139,"minecraft:cracked_polished_blackstone_bricks":10,"minecraft:chiseled_stone_bricks":9,"minecraft:sandstone_stairs":2,"minecraft:polished_blackstone_bricks":8,"minecraft:tall_seagrass":6,"super_block_world:smooth_toadstone":2,"minecraft:cobbled_deepslate":9,"minecraft:iron_ore":19,"minecraft:sticky_piston":2,"minecraft:fire":45,"minecraft:moss_carpet":2,"super_block_world:bronze_ore":58,"minecraft:cave_vines":129,"amendments:wall_lantern":2,"minecraft:smooth_sandstone_stairs":7,"minecraft:azalea_leaves":2,"minecraft:azalea":1,"minecraft:spruce_slab":4,"minecraft:jungle_trapdoor":19,"minecraft:deepslate_redstone_ore":7,"minecraft:cut_sandstone":169,"minecraft:blackstone":74,"supplementaries:book_pile":1,"minecraft:smoker":1,"minecraft:blue_stained_glass":1,"minecraft:soul_lantern":1,"trailsandtalesplus:celestine_cluster":8,"minecraft:torch":1,"minecraft:blast_furnace":3,"minecraft:melon":1,"minecraft:dead_bush":3,"super_block_world:green_pipe_body":4,"minecraft:cobblestone":13,"minecraft:grindstone":1,"minecraft:sugar_cane":2,"super_block_world:toadstone_brick_stairs":7,"minecraft:wall_torch":4,"minecraft:seagrass":3,"minecraft:chain":7,"super_block_world:toadstone_brick_slab":3,"minecraft:jungle_wood":34,"minecraft:mud":20,"bygonenether:cobbled_blackstone":2,"trailsandtalesplus:celestine_block":2,"minecraft:tnt":9,"minecraft:grass":18,"minecraft:oak_log":33,"projectvibrantjourneys:short_grass":11,"minecraft:sand":121,"minecraft:dirt":36,"minecraft:mangrove_log":58,"minecraft:oak_leaves":45,"minecraft:deepslate":317,"minecraft:deepslate_diamond_ore":19,"super_block_world:vanillate_crumble":1,"projectvibrantjourneys:rocks":2,"minecraft:spruce_fence":17,"minecraft:decorated_pot":1,"minecraft:jungle_planks":4,"minecraft:white_stained_glass":1,"super_block_world:topped_vanillate":1,"minecraft:moss_block":16,"minecraft:sandstone":110,"minecraft:large_fern":1,"minecraft:hay_block":3,"minecraft:carrots":1,"minecraft:chiseled_sandstone":6,"minecraft:andesite":1,"minecraft:gold_block":1,"minecraft:peony":2,"minecraft:big_dripleaf_stem":1,"minecraft:deepslate_iron_ore":16,"minecraft:vine":13,"trailsandtalesplus:voidum_deepslate_ore":11,"minecraft:stone":111,"trailsandtalesplus:toughen_deepslate":47,"minecraft:jungle_fence_gate":2,"minecraft:redstone_wall_torch":1,"minecraft:podzol":1,"minecraft:flowering_azalea":1,"minecraft:brown_carpet":7,"minecraft:smooth_sandstone":12,"minecraft:crafting_table":3,"minecraft:cornflower":1,"minecraft:cyan_stained_glass_pane":1,"minecraft:rose_bush":1,"projectvibrantjourneys:mossy_rocks":1,"minecraft:copper_ore":1,"minecraft:tall_grass":3,"minecraft:quartz_bricks":2,"minecraft:deepslate_coal_ore":129,"minecraft:lapis_ore":8,"minecraft:polished_blackstone_brick_stairs":3,"supplementaries:urn":1,"minecraft:spruce_stairs":5,"minecraft:cactus":9,"super_block_world:power_star":2,"minecraft:brick_slab":1,"super_block_world:toadstone_bricks":38,"super_block_world:vanillate":6,"trailsandtalesplus:budding_celestine":1,"super_block_world:red_toad_stool":1,"minecraft:spruce_log":101,"minecraft:birch_leaves":2,"projectvibrantjourneys:spruce_hollow_log":5,"minecraft:coal_ore":37,"minecraft:gravel":34,"minecraft:cobweb":55,"minecraft:cracked_stone_bricks":1,"minecraft:terracotta":1,"minecraft:polished_blackstone":6,"minecraft:stone_bricks":20,"minecraft:small_dripleaf":1,"minecraft:mossy_stone_bricks":1,"minecraft:gold_ore":6,"super_block_world:gritzy_sand":3,"minecraft:fern":4},"minecraft:killed":{"undead_revamp2:thewolf":1,"minecraft:cave_spider":3,"minecraft:spider":5,"undead_revamp2:thesmoker":5,"undead_revamp2:theswarmer":1,"minecraft:skeleton":4,"minecraft:bee":4,"alexsmobs:leafcutter_ant":1,"undead_revamp2:therod":4,"minecraft:illusioner":1,"undead_revamp2:thepregnant":1,"undead_revamp2:crackleball":1,"alexsmobs:kangaroo":2,"minecraft:pig":7,"minecraft:iron_golem":3,"undead_revamp2:theheavy":1,"unusualfishmod:spindlefish":1,"minecraft:creeper":3,"minecraft:pillager":2,"minecraft:zombie":3,"alexsmobs:toucan":1,"alexsmobs:rain_frog":1,"alexsmobs:roadrunner":3,"unusualfishmod:hatchet_fish":3,"alexsmobs:fly":2,"alexsmobs:jerboa":1,"undead_revamp2:thehunter":8,"undead_revamp2:theimmortal":12,"undead_revamp2:thegliter":1,"minecraft:vindicator":7,"sanitydim:rotting_stalker":1,"undead_revamp2:bomber":3,"alexsmobs:rattlesnake":3,"super_block_world:boom_boom":4,"trailsandtalesplus:meerkat":3,"undead_revamp2:coppertar":1,"friendsandfoes:mauler":1,"undead_revamp2:thehorrors":2,"undead_revamp2:sucker":8,"minecraft:husk":7,"alexsmobs:guster":5,"undead_revamp2:the_moonflower":10,"super_block_world:shy_guy":14,"undead_revamp2:thesomnolence":2,"trailsandtalesplus:fennec_fox":1,"minecraft:villager":2,"minecraft:enderman":2},"minecraft:broken":{"minecraft:iron_boots":1,"sanitydim:garland":1,"minecraft:stone_pickaxe":1,"minecraft:iron_sword":1,"minecraft:golden_axe":1,"minecraft:iron_axe":1,"minecraft:leather_boots":1,"minecraft:iron_pickaxe":1},"minecraft:dropped":{"minecraft:moss_block":2,"minecraft:glass_bottle":1,"minecraft:cooked_porkchop":11,"projectvibrantjourneys:orange_bark_mushroom":4,"friendsandfoes:totem_of_illusion":1,"minecraft:jungle_sapling":1,"minecraft:wooden_sword":2,"minecraft:bone_meal":3,"minecraft:sand":5,"minecraft:iron_pickaxe":1,"minecraft:diorite_slab":2,"projectvibrantjourneys:bark_mushroom":1,"minecraft:gold_ingot":4,"minecraft:bone":3,"minecraft:gravel":1,"minecraft:stone_axe":1,"minecraft:spyglass":1,"minecraft:cobbled_deepslate":70,"undead_revamp2:arapholia":2,"minecraft:rotten_flesh":35,"minecraft:jungle_trapdoor":9,"minecraft:chainmail_chestplate":1,"minecraft:poppy":3,"super_block_world:smooth_toadstone":1,"supplementaries:flax_seeds":2,"supplementaries:ash":1,"minecraft:beetroot_seeds":1,"minecraft:jungle_log":1,"minecraft:azalea":5,"minecraft:spruce_slab":3,"minecraft:arrow":12,"undead_revamp2:rawbostrox":1,"minecraft:iron_ingot":16,"minecraft:wheat_seeds":3,"minecraft:golden_helmet":1,"minecraft:knowledge_book":12,"minecraft:cobblestone":5,"minecraft:spruce_stairs":5,"minecraft:golden_apple":1,"minecraft:stick":16,"bygonenether:cobbled_blackstone":43,"platanitos:pinecone":1,"minecraft:map":4,"minecraft:iron_axe":1,"minecraft:flowering_azalea":5,"minecraft:mud":3,"minecraft:string":2,"minecraft:paper":4,"minecraft:smooth_sandstone":2,"minecraft:moss_carpet":2,"alexsmobs:maggot":1,"minecraft:sweet_berries":7,"minecraft:stone_sword":1,"minecraft:stone_shovel":1,"super_block_world:subcon_thread":1,"undead_revamp2:heavytooth":1,"alexsmobs:pocket_sand":1,"minecraft:spruce_planks":2,"minecraft:oak_sapling":6,"trailsandtalesplus:voidum":1,"minecraft:spider_eye":1,"minecraft:brown_carpet":7,"minecraft:bow":1,"minecraft:wooden_pickaxe":1},"minecraft:used":{"minecraft:moss_block":1,"minecraft:moss_carpet":2,"minecraft:iron_shovel":213,"minecraft:spruce_slab":1,"minecraft:polished_blackstone":6,"minecraft:decorated_pot":1,"minecraft:chest":11,"minecraft:iron_sword":114,"minecraft:smooth_sandstone_stairs":6,"quark:cherry_chest":2,"alexsmobs:pocket_sand":42,"minecraft:brick_slab":1,"minecraft:jungle_planks":13,"minecraft:obsidian":10,"minecraft:jungle_sapling":4,"minecraft:lantern":3,"minecraft:iron_helmet":1,"super_block_world:gritzy_sand":3,"minecraft:bow":11,"minecraft:oak_sapling":1,"bygonenether:cobbled_blackstone":21,"minecraft:diorite":3,"minecraft:stone_pickaxe":130,"minecraft:sandstone":44,"minecraft:wooden_pickaxe":11,"minecraft:diamond_axe":612,"minecraft:blue_bed":1,"minecraft:sand":104,"super_block_world:power_star":2,"super_block_world:gritzy_sandstone":11,"minecraft:blast_furnace":3,"minecraft:crossbow":14,"minecraft:chiseled_sandstone":3,"minecraft:bread":73,"trailsandtalesplus:celestine_block":2,"minecraft:melon_slice":4,"super_block_world:smooth_toadstone":1,"minecraft:cherry_sign":3,"minecraft:gravel":1,"minecraft:soul_lantern":1,"super_block_world:warp_painting":2,"minecraft:grindstone":1,"minecraft:bone_meal":13,"minecraft:enchanting_table":1,"minecraft:flint_and_steel":57,"minecraft:stone_shovel":1,"undead_revamp2:blacpetalblock":1,"quark:jungle_chest":2,"minecraft:spruce_planks":4,"minecraft:torch":89,"minecraft:dirt":11,"minecraft:spyglass":7,"super_block_world:toadstone_brick_stairs":1,"minecraft:jungle_trapdoor":2,"super_block_world:toadstone_bricks":21,"super_block_world:hammer":4,"minecraft:iron_axe":302,"minecraft:jungle_log":3,"minecraft:polished_blackstone_brick_stairs":10,"minecraft:iron_boots":1,"minecraft:bamboo":1,"alexsmobs:banana":6,"minecraft:cooked_beef":24,"minecraft:stone_pressure_plate":1,"minecraft:cobbled_deepslate":243,"minecraft:golden_axe":29,"trailsandtalesplus:banana":22,"minecraft:knowledge_book":1094,"minecraft:quartz_bricks":2,"minecraft:glass_bottle":1,"minecraft:baked_potato":58,"minecraft:cartography_table":1,"minecraft:cut_sandstone":135,"trailsandtalesplus:toughen_deepslate":19,"minecraft:leather_boots":1,"super_block_world:red_toad_stool":1,"minecraft:polished_blackstone_bricks":5,"minecraft:terracotta":1,"minecraft:crafting_table":9,"minecraft:tnt":9,"supplementaries:bomb":8,"minecraft:white_bed":1,"minecraft:smoker":1,"minecraft:spruce_log":1,"minecraft:mud":4,"minecraft:diamond_pickaxe":920,"minecraft:cracked_polished_blackstone_bricks":14,"minecraft:iron_pickaxe":339,"minecraft:map":1,"minecraft:stone_axe":38,"minecraft:blue_carpet":1,"minecraft:enchanted_book":1,"minecraft:cobblestone":111,"minecraft:potion":2,"minecraft:cooked_porkchop":1,"alexsmobs:animal_dictionary":1},"minecraft:killed_by":{"minecraft:ghast":7,"undead_revamp2:sucker":2,"undead_revamp2:the_moonflower":1,"alexsmobs:leafcutter_ant":1,"sanitydim:rotting_stalker":2,"minecraft:vindicator":1,"sanitydim:sneaking_terror":1,"minecraft:witch":2,"undead_revamp2:theheavy":1,"super_block_world:boom_boom":1,"minecraft:illusioner":1,"minecraft:husk":1,"minecraft:player":3,"minecraft:spider":1,"minecraft:iron_golem":1,"undead_revamp2:thespitter":1,"undead_revamp2:thehorrors":3,"undead_revamp2:thehunter":1,"undead_revamp2:therod":2,"undead_revamp2:thebeartamer":1}},"DataVersion":3465}