{"stats":{"minecraft:killed":{"undead_revamp2:thesomnolence":1,"undead_revamp2:theimmortal":1},"minecraft:mined":{"minecraft:spruce_stairs":2,"minecraft:blast_furnace":2,"minecraft:amethyst_cluster":1},"minecraft:used":{"minecraft:iron_pickaxe":11,"minecraft:leather_boots":1},"minecraft:picked_up":{"minecraft:spruce_stairs":1,"minecraft:amethyst_shard":4,"minecraft:blast_furnace":2},"minecraft:custom":{"minecraft:time_since_rest":2051,"minecraft:crouch_one_cm":66,"minecraft:play_time":8878,"lootr:looted_stat":8,"minecraft:sprint_one_cm":35068,"minecraft:damage_taken":45,"minecraft:walk_one_cm":18082,"minecraft:sneak_time":57,"minecraft:mob_kills":2,"minecraft:jump":128,"minecraft:damage_dealt":513,"minecraft:time_since_death":8878,"minecraft:walk_on_water_one_cm":910,"minecraft:sleep_in_bed":1,"minecraft:total_world_time":8878,"minecraft:climb_one_cm":3010,"minecraft:fall_one_cm":16304,"minecraft:fly_one_cm":26487}},"DataVersion":3465}