{"stats":{"minecraft:custom":{"lootr:looted_stat":4,"minecraft:interact_with_crafting_table":115,"minecraft:open_barrel":36,"minecraft:bell_ring":87,"minecraft:leave_game":22,"minecraft:time_since_death":9315,"minecraft:damage_resisted":166,"minecraft:sprint_one_cm":1244397,"minecraft:drop":224,"minecraft:talked_to_villager":11,"minecraft:play_time":738722,"minecraft:deaths":49,"minecraft:jump":13319,"minecraft:interact_with_brewingstand":1,"minecraft:walk_on_water_one_cm":100648,"minecraft:enchant_item":7,"minecraft:traded_with_villager":9,"minecraft:interact_with_cartography_table":7,"minecraft:sleep_in_bed":22,"minecraft:damage_dealt":73178,"minecraft:player_kills":7,"minecraft:crouch_one_cm":104547,"minecraft:interact_with_smoker":7,"minecraft:use_cauldron":1,"minecraft:mob_kills":329,"minecraft:damage_dealt_resisted":2976,"minecraft:climb_one_cm":112617,"minecraft:walk_one_cm":1962665,"minecraft:target_hit":1,"minecraft:sneak_time":37885,"minecraft:walk_under_water_one_cm":87740,"minecraft:interact_with_blast_furnace":28,"minecraft:total_world_time":738722,"minecraft:raid_trigger":1,"minecraft:interact_with_grindstone":2,"minecraft:time_since_rest":9333,"minecraft:damage_taken":23613,"minecraft:swim_one_cm":53512,"minecraft:fly_one_cm":4327794,"minecraft:open_chest":328,"minecraft:fall_one_cm":1878954},"minecraft:killed":{"undead_revamp2:thewolf":4,"endofherobrine:silverfish":8,"minecraft:cave_spider":3,"minecraft:spider":9,"undead_revamp2:axestrom":1,"undead_revamp2:thesmoker":5,"undead_revamp2:theswarmer":1,"minecraft:skeleton":8,"minecraft:bee":5,"alexsmobs:leafcutter_ant":1,"undead_revamp2:therod":4,"minecraft:illusioner":1,"undead_revamp2:thepregnant":1,"minecraft:camel":1,"undead_revamp2:crackleball":1,"alexsmobs:kangaroo":2,"minecraft:pig":7,"minecraft:iron_golem":3,"undead_revamp2:theheavy":3,"unusualfishmod:spindlefish":1,"minecraft:creeper":3,"minecraft:pillager":3,"minecraft:zombie":12,"alexsmobs:toucan":1,"alexsmobs:rain_frog":1,"alexsmobs:roadrunner":3,"unusualfishmod:hatchet_fish":7,"alexsmobs:fly":2,"alexsmobs:jerboa":3,"undead_revamp2:thehunter":11,"undead_revamp2:theimmortal":15,"undead_revamp2:thegliter":1,"minecraft:vindicator":7,"undead_revamp2:bomber":4,"alexsmobs:rattlesnake":3,"super_block_world:boom_boom":4,"trailsandtalesplus:meerkat":3,"undead_revamp2:coppertar":1,"friendsandfoes:mauler":1,"undead_revamp2:thehorrors":2,"undead_revamp2:sucker":20,"minecraft:husk":18,"alexsmobs:guster":15,"undead_revamp2:the_moonflower":24,"minecraft:wandering_trader":1,"super_block_world:shy_guy":15,"undead_revamp2:thesomnolence":2,"trailsandtalesplus:fennec_fox":1,"minecraft:villager":2,"minecraft:enderman":2},"minecraft:dropped":{"minecraft:moss_block":2,"minecraft:glass_bottle":1,"minecraft:cooked_porkchop":11,"minecraft:sandstone_slab":6,"minecraft:glow_berries":3,"minecraft:jungle_planks":11,"trailsandtalesplus:banana":9,"projectvibrantjourneys:orange_bark_mushroom":4,"friendsandfoes:totem_of_illusion":1,"minecraft:dirt":1,"minecraft:jungle_sapling":4,"minecraft:wooden_sword":2,"minecraft:bone_meal":3,"minecraft:sand":13,"minecraft:iron_pickaxe":1,"minecraft:diorite_slab":2,"projectvibrantjourneys:bark_mushroom":4,"minecraft:gold_ingot":4,"minecraft:bone":3,"minecraft:gravel":1,"minecraft:stone_axe":1,"minecraft:spyglass":1,"minecraft:cobbled_deepslate":71,"undead_revamp2:arapholia":3,"minecraft:rotten_flesh":69,"minecraft:jungle_trapdoor":9,"minecraft:chainmail_chestplate":1,"minecraft:poppy":3,"super_block_world:smooth_toadstone":1,"supplementaries:flax_seeds":2,"supplementaries:ash":1,"minecraft:beetroot_seeds":1,"minecraft:jungle_log":1,"minecraft:azalea":5,"minecraft:spruce_slab":3,"minecraft:arrow":12,"projectvibrantjourneys:cattail":4,"the_rise_of_kirby:kirbook":3,"alexsmobs:banana":1,"undead_revamp2:rawbostrox":1,"minecraft:iron_ingot":16,"minecraft:wheat_seeds":5,"minecraft:golden_helmet":1,"minecraft:knowledge_book":30,"minecraft:cobblestone":5,"minecraft:jungle_wood":9,"minecraft:spruce_stairs":5,"minecraft:golden_apple":1,"minecraft:stick":52,"bygonenether:cobbled_blackstone":45,"super_block_world:gritzy_sand":3,"platanitos:pinecone":1,"minecraft:torch":2,"minecraft:map":4,"super_block_world:vanillate_crumble":58,"minecraft:iron_axe":1,"minecraft:flowering_azalea":5,"minecraft:mud":3,"minecraft:lily_pad":1,"minecraft:paper":4,"minecraft:string":4,"minecraft:smooth_sandstone":2,"minecraft:moss_carpet":2,"minecraft:sweet_berries":7,"alexsmobs:maggot":1,"minecraft:stone_sword":1,"minecraft:stone_shovel":1,"minecraft:iron_hoe":1,"super_block_world:subcon_thread":1,"undead_revamp2:heavytooth":1,"alexsmobs:pocket_sand":1,"minecraft:spruce_planks":3,"minecraft:iron_chestplate":1,"minecraft:golden_leggings":1,"minecraft:oak_sapling":6,"trailsandtalesplus:voidum":1,"minecraft:spider_eye":1,"minecraft:brown_carpet":7,"minecraft:bow":1,"minecraft:wooden_pickaxe":1,"minecraft:terracotta":2},"minecraft:broken":{"minecraft:iron_boots":1,"minecraft:iron_leggings":1,"minecraft:stone_pickaxe":1,"minecraft:iron_sword":1,"minecraft:golden_axe":1,"minecraft:iron_axe":1,"minecraft:leather_boots":1,"minecraft:iron_pickaxe":1},"minecraft:crafted":{"minecraft:oak_planks":92,"minecraft:cut_sandstone":264,"immersive_aircraft:telescope":1,"minecraft:cut_sandstone_slab":42,"super_block_world:hammer":4,"metalbundles:leather_bundle":1,"quark:cherry_chest":2,"minecraft:diamond_leggings":1,"minecraft:iron_boots":1,"minecraft:chest":10,"minecraft:stone_hoe":1,"super_block_world:gritzy_sandstone":19,"metalbundles:iron_bundle":1,"minecraft:golden_axe":1,"supplementaries:rope_arrow":1,"minecraft:arrow":4,"minecraft:diamond_axe":1,"minecraft:crafting_table":9,"minecraft:spruce_planks":48,"minecraft:wooden_pickaxe":1,"minecraft:copper_ingot":4,"minecraft:fletching_table":1,"minecraft:cartography_table":1,"minecraft:iron_chestplate":1,"metalbundles:copper_bundle":1,"minecraft:paper":6,"minecraft:diamond_pickaxe":2,"minecraft:cherry_sign":3,"minecraft:stick":168,"minecraft:iron_ingot":29,"minecraft:iron_pickaxe":1,"minecraft:stone_sword":1,"minecraft:sandstone":94,"minecraft:sandstone_stairs":32,"minecraft:blue_terracotta":112,"minecraft:cherry_planks":36,"minecraft:stone_shovel":1,"minecraft:tripwire_hook":2,"minecraft:spyglass":2,"quark:jungle_chest":2,"minecraft:jungle_trapdoor":36,"minecraft:bone_meal":9,"quark:jungle_ladder":12,"minecraft:flint_and_steel":1,"alexsmobs:pocket_sand":1,"metalbundles:diamond_bundle":1,"supplementaries:bomb":8,"minecraft:iron_axe":2,"minecraft:iron_hoe":1,"minecraft:spruce_slab":78,"minecraft:stone_pickaxe":1,"minecraft:diamond_boots":1,"minecraft:golden_helmet":1,"super_block_world:bronze_ingot":56,"minecraft:wheat":27,"minecraft:smooth_sandstone_stairs":4,"minecraft:enchanting_table":1,"minecraft:iron_sword":1,"minecraft:blue_bed":1,"minecraft:sandstone_slab":6,"minecraft:stone_axe":1,"metalbundles:golden_bundle":1,"minecraft:bread":9,"minecraft:air":0,"minecraft:jungle_planks":244,"minecraft:blue_dye":15,"minecraft:sandstone_wall":24,"minecraft:jungle_door":3,"minecraft:white_wool":6,"immersive_aircraft:heavy_crossbow":1,"minecraft:iron_shovel":1,"minecraft:iron_leggings":1,"minecraft:white_bed":2,"minecraft:torch":232},"minecraft:mined":{"undead_revamp2:arapholia":2,"minecraft:blue_carpet":1,"minecraft:cut_sandstone_slab":1,"minecraft:stone_pressure_plate":1,"minecraft:spruce_planks":6,"minecraft:cherry_log":24,"minecraft:chiseled_red_sandstone":1,"alexsmobs:leafcutter_anthill":2,"minecraft:jungle_leaves":22,"minecraft:brewing_stand":1,"minecraft:cave_vines_plant":180,"super_block_world:green_warp_pipe":1,"minecraft:grass_block":51,"minecraft:jungle_log":238,"minecraft:cracked_polished_blackstone_bricks":10,"minecraft:chiseled_stone_bricks":9,"minecraft:sandstone_stairs":3,"minecraft:polished_blackstone_bricks":8,"minecraft:tall_seagrass":6,"super_block_world:smooth_toadstone":2,"minecraft:cobbled_deepslate":10,"minecraft:iron_ore":19,"minecraft:sticky_piston":2,"minecraft:fire":55,"minecraft:moss_carpet":2,"minecraft:deepslate_lapis_ore":2,"super_block_world:bronze_ore":58,"minecraft:cave_vines":149,"amendments:wall_lantern":2,"minecraft:smooth_sandstone_stairs":7,"minecraft:azalea_leaves":2,"minecraft:azalea":1,"minecraft:spruce_slab":4,"minecraft:jungle_trapdoor":19,"projectvibrantjourneys:cattail":4,"minecraft:deepslate_redstone_ore":8,"minecraft:cut_sandstone":179,"minecraft:blackstone":210,"supplementaries:book_pile":1,"minecraft:smoker":1,"minecraft:soul_fire":1,"minecraft:blue_stained_glass":1,"minecraft:soul_lantern":1,"trailsandtalesplus:celestine_cluster":8,"minecraft:torch":2,"minecraft:blast_furnace":3,"minecraft:melon":1,"minecraft:dead_bush":3,"super_block_world:green_pipe_body":4,"minecraft:cobblestone":13,"minecraft:grindstone":1,"minecraft:sugar_cane":2,"super_block_world:toadstone_brick_stairs":7,"minecraft:wall_torch":5,"minecraft:seagrass":3,"minecraft:chain":7,"super_block_world:toadstone_brick_slab":3,"minecraft:blue_terracotta":2,"minecraft:jungle_wood":62,"minecraft:mud":23,"bygonenether:cobbled_blackstone":2,"projectvibrantjourneys:bones":1,"trailsandtalesplus:celestine_block":2,"minecraft:tnt":9,"minecraft:grass":23,"minecraft:oak_log":33,"projectvibrantjourneys:short_grass":16,"minecraft:sand":541,"minecraft:dirt":39,"minecraft:mangrove_log":58,"super_block_world:gritzy_sandstone":127,"minecraft:oak_leaves":45,"minecraft:deepslate":442,"minecraft:deepslate_diamond_ore":28,"super_block_world:vanillate_crumble":6,"projectvibrantjourneys:rocks":2,"minecraft:spruce_fence":17,"minecraft:decorated_pot":1,"minecraft:jungle_planks":17,"minecraft:white_stained_glass":1,"super_block_world:topped_vanillate":2,"minecraft:moss_block":25,"minecraft:sandstone":370,"minecraft:large_fern":1,"minecraft:hay_block":3,"minecraft:carrots":1,"minecraft:chiseled_sandstone":6,"minecraft:andesite":1,"minecraft:gold_block":1,"minecraft:peony":2,"minecraft:big_dripleaf_stem":1,"minecraft:deepslate_iron_ore":18,"minecraft:vine":24,"trailsandtalesplus:voidum_deepslate_ore":16,"minecraft:stone":123,"trailsandtalesplus:toughen_deepslate":108,"minecraft:jungle_fence_gate":2,"minecraft:redstone_wall_torch":1,"minecraft:podzol":1,"minecraft:flowering_azalea":1,"minecraft:brown_carpet":7,"minecraft:smooth_sandstone":77,"minecraft:crafting_table":4,"minecraft:cornflower":1,"minecraft:cyan_stained_glass_pane":1,"minecraft:rose_bush":1,"projectvibrantjourneys:mossy_rocks":1,"endofherobrine:glowing_obsidian":3,"minecraft:copper_ore":1,"minecraft:tall_grass":3,"minecraft:quartz_bricks":2,"minecraft:deepslate_coal_ore":129,"minecraft:lapis_ore":8,"minecraft:lily_pad":1,"minecraft:polished_blackstone_brick_stairs":3,"supplementaries:urn":6,"minecraft:spruce_stairs":5,"super_block_world:power_star":2,"minecraft:cactus":9,"minecraft:red_terracotta":94,"minecraft:brick_slab":1,"super_block_world:toadstone_bricks":42,"super_block_world:vanillate":129,"trailsandtalesplus:budding_celestine":1,"super_block_world:red_toad_stool":1,"minecraft:spruce_log":101,"minecraft:birch_leaves":2,"minecraft:muddy_mangrove_roots":1,"projectvibrantjourneys:spruce_hollow_log":5,"minecraft:coal_ore":37,"minecraft:gravel":34,"minecraft:cobweb":55,"minecraft:cracked_stone_bricks":1,"minecraft:terracotta":124,"minecraft:polished_blackstone":6,"minecraft:stone_bricks":20,"minecraft:small_dripleaf":1,"minecraft:mossy_stone_bricks":1,"minecraft:gold_ore":6,"super_block_world:gritzy_sand":94,"minecraft:fern":7},"minecraft:used":{"minecraft:moss_block":7,"minecraft:moss_carpet":2,"minecraft:blue_terracotta":18,"minecraft:iron_shovel":765,"quark:jungle_ladder":12,"minecraft:spruce_slab":17,"minecraft:polished_blackstone":6,"minecraft:decorated_pot":1,"minecraft:chest":11,"minecraft:iron_sword":114,"minecraft:smooth_sandstone_stairs":6,"quark:cherry_chest":2,"alexsmobs:pocket_sand":42,"minecraft:brick_slab":1,"minecraft:jungle_planks":61,"minecraft:obsidian":10,"minecraft:jungle_sapling":4,"minecraft:lantern":3,"minecraft:iron_helmet":1,"super_block_world:gritzy_sand":10,"minecraft:bow":20,"minecraft:oak_sapling":1,"bygonenether:cobbled_blackstone":21,"minecraft:diorite":3,"minecraft:stone_pickaxe":130,"minecraft:wooden_pickaxe":11,"minecraft:sandstone":46,"minecraft:diamond_axe":1018,"minecraft:blue_bed":1,"minecraft:sand":140,"minecraft:cut_sandstone_slab":27,"super_block_world:power_star":2,"super_block_world:gritzy_sandstone":12,"minecraft:blast_furnace":3,"minecraft:crossbow":14,"super_block_world:vanillate_crumble":5,"minecraft:bread":73,"minecraft:chiseled_sandstone":3,"trailsandtalesplus:celestine_block":2,"minecraft:melon_slice":4,"super_block_world:smooth_toadstone":1,"minecraft:red_terracotta":18,"minecraft:cherry_sign":3,"minecraft:gravel":1,"minecraft:soul_lantern":1,"super_block_world:warp_painting":2,"minecraft:grindstone":1,"minecraft:bone_meal":13,"minecraft:enchanting_table":1,"minecraft:flint_and_steel":63,"minecraft:stone_shovel":1,"undead_revamp2:blacpetalblock":1,"quark:jungle_chest":2,"minecraft:spruce_planks":4,"minecraft:sandstone_wall":16,"minecraft:torch":130,"minecraft:dirt":15,"minecraft:spyglass":7,"super_block_world:toadstone_brick_stairs":1,"minecraft:jungle_trapdoor":14,"super_block_world:toadstone_bricks":21,"super_block_world:hammer":4,"minecraft:iron_axe":302,"minecraft:jungle_log":66,"minecraft:polished_blackstone_brick_stairs":10,"minecraft:iron_boots":1,"minecraft:bamboo":1,"alexsmobs:banana":6,"minecraft:cooked_beef":24,"minecraft:stone_pressure_plate":1,"minecraft:cobbled_deepslate":292,"minecraft:golden_axe":29,"minecraft:knowledge_book":1640,"trailsandtalesplus:banana":75,"minecraft:quartz_bricks":2,"minecraft:sandstone_stairs":11,"minecraft:glass_bottle":1,"minecraft:baked_potato":58,"minecraft:cartography_table":1,"minecraft:cut_sandstone":359,"trailsandtalesplus:toughen_deepslate":19,"minecraft:leather_boots":1,"super_block_world:red_toad_stool":1,"minecraft:polished_blackstone_bricks":5,"minecraft:terracotta":1,"minecraft:crafting_table":12,"minecraft:tnt":9,"supplementaries:bomb":8,"minecraft:white_bed":1,"minecraft:smoker":1,"minecraft:spruce_log":1,"minecraft:mud":4,"minecraft:diamond_pickaxe":2112,"minecraft:cracked_polished_blackstone_bricks":14,"minecraft:iron_pickaxe":339,"minecraft:map":1,"minecraft:stone_axe":38,"minecraft:blue_carpet":1,"minecraft:enchanted_book":1,"minecraft:cobblestone":115,"minecraft:potion":2,"minecraft:jungle_door":1,"minecraft:cooked_porkchop":1,"alexsmobs:animal_dictionary":1,"minecraft:diamond_leggings":1},"minecraft:killed_by":{"minecraft:ghast":7,"undead_revamp2:sucker":2,"undead_revamp2:the_moonflower":1,"alexsmobs:leafcutter_ant":1,"minecraft:vindicator":1,"minecraft:witch":2,"undead_revamp2:theheavy":1,"super_block_world:boom_boom":1,"minecraft:illusioner":1,"minecraft:husk":1,"minecraft:player":3,"minecraft:spider":1,"minecraft:iron_golem":1,"undead_revamp2:thespitter":1,"undead_revamp2:thehorrors":3,"undead_revamp2:thehunter":1,"undead_revamp2:therod":2,"undead_revamp2:thebeartamer":1},"minecraft:picked_up":{"minecraft:iron_chestplate":1,"minecraft:wheat":8,"minecraft:potion":3,"minecraft:enchanted_book":2,"minecraft:knowledge_book":8,"minecraft:brewing_stand":1,"minecraft:polished_blackstone_brick_stairs":13,"minecraft:string":57,"minecraft:raw_copper":5,"alexsmobs:banana":8,"minecraft:cobbled_deepslate":483,"minecraft:spruce_planks":6,"minecraft:rose_bush":1,"minecraft:azalea":21,"minecraft:iron_pickaxe":3,"super_block_world:warp_painting":2,"minecraft:melon_slice":4,"minecraft:coal_block":1,"minecraft:mangrove_log":57,"super_block_world:subcon_thread":8,"minecraft:stick":70,"minecraft:big_dripleaf":2,"minecraft:torch":20,"minecraft:spruce_stairs":5,"minecraft:porkchop":13,"super_block_world:toadstone_brick_stairs":1,"minecraft:golden_axe":2,"minecraft:cherry_log":19,"minecraft:diorite":4,"minecraft:brown_carpet":7,"minecraft:cactus":17,"minecraft:rotten_flesh":110,"projectvibrantjourneys:cattail":4,"supplementaries:ash":7,"undead_revamp2:arapholia":6,"minecraft:cobblestone":136,"super_block_world:red_toad_stool":1,"minecraft:feather":2,"trailsandtalesplus:voidum":16,"minecraft:jungle_log":227,"minecraft:golden_leggings":1,"minecraft:jungle_wood":52,"minecraft:smoker":1,"minecraft:flint":1,"minecraft:smooth_sandstone_stairs":7,"supplementaries:flax_seeds":6,"undead_revamp2:huntereye":2,"super_block_world:shy_guy_mask":4,"super_block_world:power_star":4,"minecraft:lapis_lazuli":58,"minecraft:cut_sandstone_slab":1,"minecraft:dirt":94,"minecraft:lantern":3,"super_block_world:smooth_toadstone":2,"minecraft:bone":11,"undead_revamp2:blacpetalblock":1,"minecraft:wheat_seeds":7,"trailsandtalesplus:banana":136,"minecraft:raw_gold":6,"minecraft:grindstone":1,"minecraft:diamond_helmet":1,"minecraft:bamboo":2,"minecraft:moss_block":13,"minecraft:cooked_porkchop":22,"trailsandtalesplus:toughen_deepslate":107,"super_block_world:toadstone_bricks":28,"unusualfishmod:raw_hatchetfish":6,"minecraft:sand":569,"minecraft:jungle_planks":17,"minecraft:red_terracotta":93,"minecraft:chiseled_sandstone":8,"minecraft:iron_hoe":1,"undead_revamp2:heavytooth":5,"minecraft:quartz_bricks":2,"alexsmobs:kangaroo_hide":1,"alexsmobs:guster_eye":2,"minecraft:blue_terracotta":2,"minecraft:diamond":30,"minecraft:soul_lantern":1,"minecraft:cracked_polished_blackstone_bricks":14,"platanitos:pinecone":169,"alexsmobs:rattlesnake_rattle":3,"minecraft:crossbow":1,"minecraft:bone_meal":6,"minecraft:golden_apple":3,"minecraft:emerald":3,"minecraft:bread":1,"minecraft:chainmail_helmet":1,"minecraft:oak_sapling":7,"alexsmobs:maggot":1,"minecraft:chiseled_red_sandstone":1,"minecraft:mud":24,"minecraft:cocoa_beans":3,"minecraft:crafting_table":4,"super_block_world:green_warp_pipe":1,"friendsandfoes:totem_of_illusion":2,"alexsmobs:roadrunner_feather":2,"minecraft:diorite_slab":2,"minecraft:gold_block":1,"minecraft:chain":6,"minecraft:cornflower":1,"minecraft:jungle_trapdoor":11,"minecraft:moss_carpet":5,"minecraft:iron_axe":5,"minecraft:wooden_sword":2,"minecraft:iron_shovel":1,"minecraft:polished_blackstone_wall":1,"minecraft:cracked_stone_bricks":1,"minecraft:poppy":3,"minecraft:jungle_sapling":22,"minecraft:spruce_slab":4,"minecraft:chest":1,"minecraft:sugar_cane":6,"alexsmobs:pocket_sand":1,"minecraft:raw_iron":34,"minecraft:sandstone":325,"bygonenether:cobbled_blackstone":238,"projectvibrantjourneys:bark_mushroom":11,"minecraft:copper_ingot":4,"minecraft:spruce_fence":16,"minecraft:polished_blackstone_bricks":16,"minecraft:cookie":5,"minecraft:jungle_fence_gate":2,"minecraft:carrot":8,"minecraft:redstone":31,"minecraft:blue_carpet":1,"minecraft:stone_pressure_plate":1,"minecraft:tnt":9,"minecraft:arrow":12,"minecraft:decorated_pot":1,"minecraft:beetroot_seeds":2,"minecraft:peony":2,"trailsandtalesplus:celestine_block":2,"minecraft:gold_ingot":4,"minecraft:hay_block":3,"minecraft:sandstone_stairs":3,"super_block_world:gritzy_sand":89,"minecraft:polished_blackstone":6,"minecraft:glow_berries":168,"alexsmobs:kangaroo_meat":3,"minecraft:cut_sandstone":182,"super_block_world:green_pipe_body":4,"minecraft:oak_log":32,"super_block_world:raw_bronze":57,"minecraft:chainmail_chestplate":1,"minecraft:lily_pad":1,"minecraft:gunpowder":4,"projectvibrantjourneys:spruce_hollow_log":5,"minecraft:diorite_stairs":3,"minecraft:white_banner":4,"minecraft:smooth_sandstone":77,"super_block_world:gritzy_sandstone":137,"minecraft:apple":2,"minecraft:stone_bricks":12,"minecraft:iron_ingot":17,"minecraft:acacia_sapling":2,"minecraft:flowering_azalea":6,"super_block_world:vanillate_crumble":134,"projectvibrantjourneys:light_brown_bark_mushroom":4,"minecraft:chiseled_stone_bricks":1,"minecraft:gravel":32,"minecraft:spruce_sapling":25,"minecraft:blast_furnace":3,"minecraft:spruce_log":93,"minecraft:spider_eye":1,"minecraft:brick_slab":1,"undead_revamp2:rawbostrox":1,"minecraft:iron_helmet":2,"minecraft:diamond_axe":7,"minecraft:cherry_sapling":6,"trailsandtalesplus:celestine":34,"minecraft:terracotta":118,"projectvibrantjourneys:orange_bark_mushroom":7,"projectvibrantjourneys:twigs":1,"minecraft:coal":174,"minecraft:ender_pearl":2}},"DataVersion":3465}