{"stats":{"minecraft:killed":{"undead_revamp2:theimmortal":1,"undead_revamp2:thesomnolence":1},"minecraft:mined":{"create:zinc_ore":9,"minecraft:andesite_stairs":27,"minecraft:smoker":2,"minecraft:amethyst_cluster":1,"minecraft:potted_crimson_fungus":1,"projectvibrantjourneys:rocks":1,"minecraft:blast_furnace":2,"minecraft:white_stained_glass_pane":2,"minecraft:andesite_wall":3,"minecraft:grindstone":1,"projectvibrantjourneys:fallen_leaves":1,"minecraft:spruce_stairs":4,"minecraft:dark_oak_slab":3,"minecraft:andesite":25,"minecraft:dark_oak_stairs":2,"minecraft:enchanting_table":2,"minecraft:grass":1,"minecraft:bookshelf":20,"minecraft:oak_log":48,"minecraft:coal_ore":23,"projectvibrantjourneys:short_grass":5,"minecraft:stone_bricks":2,"minecraft:stone":6},"minecraft:dropped":{"minecraft:pufferfish":1,"minecraft:oak_sapling":5,"projectvibrantjourneys:bark_mushroom":2},"minecraft:used":{"minecraft:enchanting_table":3,"minecraft:chest":1,"minecraft:stone":4,"minecraft:diamond_axe":24,"minecraft:leather_boots":1,"minecraft:crafting_table":1,"minecraft:spruce_stairs":1,"minecraft:blast_furnace":2,"minecraft:smoker":2,"minecraft:diamond_pickaxe":63,"minecraft:apple":1,"minecraft:bookshelf":2,"minecraft:iron_axe":49,"minecraft:iron_pickaxe":53,"quark:jungle_bookshelf":21,"minecraft:stone_bricks":2,"minecraft:cobblestone":6,"minecraft:grindstone":2,"minecraft:andesite_stairs":3,"quark:oak_chest":10,"minecraft:cooked_beef":3,"minecraft:cobweb":6},"minecraft:picked_up":{"minecraft:enchanting_table":2,"minecraft:flower_pot":1,"minecraft:andesite":25,"projectvibrantjourneys:fallen_leaves":1,"minecraft:smoker":2,"minecraft:crimson_fungus":1,"minecraft:oak_log":46,"create:raw_zinc":9,"minecraft:stone_bricks":2,"minecraft:apple":1,"minecraft:grindstone":1,"minecraft:andesite_stairs":26,"minecraft:chest":1,"minecraft:dark_oak_stairs":2,"minecraft:book":60,"minecraft:dark_oak_slab":3,"projectvibrantjourneys:bark_mushroom":2,"minecraft:spruce_stairs":3,"minecraft:amethyst_shard":4,"minecraft:blast_furnace":2,"minecraft:andesite_wall":3,"projectvibrantjourneys:orange_bark_mushroom":1,"minecraft:oak_sapling":5,"minecraft:coal":23,"minecraft:cobblestone":6},"minecraft:crafted":{"minecraft:oak_planks":176,"minecraft:crafting_table":1,"quark:jungle_bookshelf":21,"minecraft:iron_sword":1,"minecraft:air":0,"minecraft:jungle_planks":256,"minecraft:iron_axe":1,"minecraft:iron_hoe":1,"minecraft:stick":16,"quark:oak_chest":10,"minecraft:iron_ingot":4,"minecraft:iron_pickaxe":2,"minecraft:iron_shovel":1},"minecraft:custom":{"lootr:looted_stat":19,"minecraft:mob_kills":2,"minecraft:interact_with_crafting_table":7,"minecraft:open_barrel":2,"minecraft:leave_game":1,"minecraft:time_since_death":38305,"minecraft:sleep_in_bed":1,"minecraft:climb_one_cm":4100,"minecraft:time_since_rest":31478,"minecraft:sprint_one_cm":99220,"minecraft:damage_taken":259,"minecraft:walk_one_cm":88724,"minecraft:drop":8,"minecraft:damage_dealt":758,"minecraft:swim_one_cm":3036,"minecraft:player_kills":1,"minecraft:fly_one_cm":75019,"minecraft:open_chest":25,"minecraft:crouch_one_cm":1549,"minecraft:play_time":38305,"minecraft:sneak_time":924,"minecraft:walk_under_water_one_cm":1159,"minecraft:jump":409,"minecraft:interact_with_blast_furnace":4,"minecraft:walk_on_water_one_cm":2956,"minecraft:total_world_time":38305,"minecraft:fall_one_cm":45593}},"DataVersion":3465}