{"stats":{"minecraft:killed":{"undead_revamp2:theimmortal":3,"minecraft:spider":1,"minecraft:vindicator":1,"super_block_world:boom_boom":2,"alexsmobs:rattlesnake":1,"minecraft:skeleton":1,"undead_revamp2:therod":1,"undead_revamp2:thehorrors":1,"alexsmobs:kangaroo":2,"minecraft:husk":2,"alexsmobs:guster":1,"minecraft:pig":7,"undead_revamp2:the_moonflower":2,"minecraft:iron_golem":3,"unusualfishmod:spindlefish":1,"alexsmobs:toucan":1,"alexsmobs:roadrunner":1,"alexsmobs:rain_frog":1,"minecraft:villager":2},"minecraft:broken":{"minecraft:stone_pickaxe":1},"minecraft:killed_by":{"minecraft:player":1,"undead_revamp2:sucker":1,"undead_revamp2:the_moonflower":1,"minecraft:iron_golem":1,"undead_revamp2:therod":1,"undead_revamp2:theheavy":1,"undead_revamp2:thebeartamer":1,"super_block_world:boom_boom":1},"minecraft:custom":{"minecraft:mob_kills":35,"minecraft:interact_with_crafting_table":56,"minecraft:open_barrel":29,"minecraft:bell_ring":86,"minecraft:leave_game":4,"minecraft:time_since_death":8699,"minecraft:climb_one_cm":34027,"minecraft:sprint_one_cm":307278,"minecraft:walk_one_cm":354380,"minecraft:drop":50,"minecraft:talked_to_villager":1,"minecraft:play_time":183363,"minecraft:deaths":11,"minecraft:sneak_time":7840,"minecraft:walk_under_water_one_cm":17457,"minecraft:jump":3721,"minecraft:interact_with_blast_furnace":6,"minecraft:walk_on_water_one_cm":23517,"minecraft:total_world_time":183363,"minecraft:interact_with_cartography_table":7,"minecraft:interact_with_grindstone":1,"minecraft:sleep_in_bed":6,"minecraft:time_since_rest":8728,"minecraft:damage_taken":4050,"minecraft:damage_dealt":10571,"minecraft:swim_one_cm":22492,"minecraft:fly_one_cm":822211,"minecraft:player_kills":2,"minecraft:open_chest":82,"minecraft:crouch_one_cm":18797,"minecraft:interact_with_smoker":4,"minecraft:fall_one_cm":495670},"minecraft:dropped":{"minecraft:wheat_seeds":1,"minecraft:cooked_porkchop":11,"minecraft:golden_apple":1,"minecraft:map":4,"minecraft:jungle_sapling":1,"minecraft:bone_meal":1,"minecraft:sand":4,"minecraft:iron_pickaxe":1,"minecraft:paper":4,"minecraft:stone_axe":1,"minecraft:sweet_berries":7,"minecraft:spyglass":1,"minecraft:stone_sword":1,"minecraft:stone_shovel":1,"minecraft:rotten_flesh":16,"minecraft:poppy":3,"super_block_world:smooth_toadstone":1,"supplementaries:ash":1,"undead_revamp2:heavytooth":1,"minecraft:oak_sapling":6,"minecraft:arrow":10,"minecraft:bow":1,"minecraft:wooden_pickaxe":1,"undead_revamp2:rawbostrox":1},"minecraft:crafted":{"minecraft:oak_planks":64,"minecraft:stone_shovel":1,"minecraft:spyglass":2,"minecraft:bone_meal":9,"minecraft:iron_axe":1,"minecraft:iron_hoe":1,"minecraft:stone_pickaxe":1,"minecraft:chest":4,"minecraft:stone_hoe":1,"minecraft:wheat":27,"minecraft:smooth_sandstone_stairs":4,"minecraft:crafting_table":3,"minecraft:wooden_pickaxe":1,"minecraft:iron_sword":1,"minecraft:copper_ingot":4,"minecraft:stone_axe":1,"minecraft:bread":9,"minecraft:air":0,"minecraft:cartography_table":1,"minecraft:jungle_planks":4,"minecraft:paper":6,"minecraft:stick":24,"minecraft:iron_ingot":10,"minecraft:iron_pickaxe":1,"minecraft:iron_shovel":1,"minecraft:stone_sword":1,"minecraft:torch":4},"minecraft:picked_up":{"minecraft:crafting_table":2,"minecraft:wheat":2,"alexsmobs:roadrunner_feather":1,"minecraft:gold_block":1,"minecraft:raw_copper":5,"minecraft:jungle_sapling":1,"minecraft:poppy":3,"minecraft:iron_pickaxe":1,"minecraft:sugar_cane":6,"super_block_world:warp_painting":1,"minecraft:coal_block":1,"minecraft:stick":1,"minecraft:raw_iron":8,"minecraft:sandstone":6,"minecraft:copper_ingot":1,"minecraft:porkchop":13,"super_block_world:toadstone_brick_stairs":1,"minecraft:blue_carpet":1,"minecraft:arrow":2,"minecraft:rotten_flesh":27,"minecraft:hay_block":3,"supplementaries:ash":1,"undead_revamp2:arapholia":1,"alexsmobs:kangaroo_meat":3,"minecraft:cobblestone":44,"minecraft:jungle_log":2,"minecraft:cut_sandstone":37,"minecraft:smoker":1,"minecraft:oak_log":32,"minecraft:dirt":4,"super_block_world:power_star":3,"super_block_world:smooth_toadstone":1,"minecraft:smooth_sandstone":7,"minecraft:bone":2,"minecraft:apple":2,"minecraft:wheat_seeds":1,"trailsandtalesplus:banana":3,"minecraft:iron_ingot":15,"minecraft:cooked_porkchop":22,"minecraft:sand":17,"super_block_world:toadstone_bricks":19,"minecraft:jungle_planks":1,"minecraft:blast_furnace":3,"minecraft:chiseled_sandstone":1,"undead_revamp2:heavytooth":1,"minecraft:brick_slab":1,"undead_revamp2:rawbostrox":1,"minecraft:quartz_bricks":2,"alexsmobs:kangaroo_hide":1,"minecraft:bone_meal":1,"minecraft:terracotta":1,"minecraft:chiseled_red_sandstone":1,"minecraft:oak_sapling":7,"minecraft:coal":28},"minecraft:used":{"minecraft:iron_shovel":39,"minecraft:flint_and_steel":24,"minecraft:stone_shovel":1,"minecraft:chest":4,"minecraft:smooth_sandstone_stairs":2,"minecraft:torch":1,"minecraft:dirt":4,"minecraft:spyglass":7,"super_block_world:toadstone_brick_stairs":1,"minecraft:brick_slab":1,"minecraft:jungle_planks":4,"super_block_world:toadstone_bricks":17,"minecraft:iron_axe":64,"minecraft:jungle_log":1,"minecraft:oak_sapling":1,"trailsandtalesplus:banana":3,"minecraft:quartz_bricks":2,"minecraft:stone_pickaxe":130,"minecraft:baked_potato":39,"minecraft:cartography_table":1,"minecraft:wooden_pickaxe":11,"minecraft:cut_sandstone":14,"minecraft:leather_boots":1,"minecraft:terracotta":1,"super_block_world:power_star":2,"minecraft:crafting_table":5,"minecraft:blast_furnace":3,"minecraft:crossbow":10,"minecraft:smoker":1,"minecraft:diamond_pickaxe":6,"minecraft:bread":3,"minecraft:map":1,"minecraft:iron_pickaxe":103,"minecraft:stone_axe":38,"minecraft:blue_carpet":1,"super_block_world:warp_painting":1,"minecraft:cobblestone":53,"minecraft:cooked_porkchop":1,"alexsmobs:animal_dictionary":1},"minecraft:mined":{"minecraft:blue_carpet":1,"minecraft:chiseled_red_sandstone":1,"minecraft:jungle_leaves":9,"super_block_world:vanillate_crumble":1,"minecraft:grass_block":1,"minecraft:jungle_planks":1,"minecraft:jungle_log":2,"minecraft:white_stained_glass":1,"minecraft:sandstone":53,"minecraft:hay_block":3,"super_block_world:smooth_toadstone":1,"minecraft:iron_ore":11,"minecraft:fire":7,"minecraft:chiseled_sandstone":1,"minecraft:gold_block":1,"minecraft:azalea_leaves":1,"minecraft:stone":40,"minecraft:cut_sandstone":49,"minecraft:blackstone":7,"minecraft:smoker":1,"minecraft:blue_stained_glass":1,"minecraft:smooth_sandstone":7,"minecraft:crafting_table":2,"minecraft:cyan_stained_glass_pane":1,"minecraft:blast_furnace":3,"minecraft:dead_bush":1,"projectvibrantjourneys:mossy_rocks":1,"minecraft:copper_ore":1,"minecraft:cobblestone":5,"minecraft:quartz_bricks":2,"minecraft:sugar_cane":2,"super_block_world:toadstone_brick_stairs":6,"super_block_world:toadstone_brick_slab":3,"super_block_world:power_star":2,"minecraft:brick_slab":1,"super_block_world:toadstone_bricks":26,"minecraft:birch_leaves":2,"minecraft:grass":2,"minecraft:coal_ore":15,"minecraft:oak_log":33,"projectvibrantjourneys:short_grass":3,"minecraft:sand":17,"minecraft:dirt":4,"minecraft:terracotta":1,"minecraft:stone_bricks":2,"minecraft:mossy_stone_bricks":1,"minecraft:oak_leaves":44}},"DataVersion":3465}