{"stats":{"minecraft:killed":{"undead_revamp2:theimmortal":1,"undead_revamp2:the_moonflower":1,"plenty_of_golems:obsidian_golem":1},"minecraft:killed_by":{"minecraft:player":2,"undead_revamp2:the_moonflower":1,"minecraft:skeleton":4,"minecraft:creeper":1,"minecraft:spider":1,"minecraft:zombie":2,"alexsmobs:grizzly_bear":1,"minecraft:enderman":1,"undead_revamp2:theheavy":1,"undead_revamp2:thebeartamer":2,"super_block_world:boom_boom":1},"minecraft:custom":{"minecraft:interact_with_furnace":2,"minecraft:mob_kills":3,"minecraft:interact_with_crafting_table":6,"minecraft:open_barrel":12,"minecraft:leave_game":15,"minecraft:time_since_death":8659,"minecraft:sleep_in_bed":3,"minecraft:climb_one_cm":21768,"minecraft:time_since_rest":8690,"minecraft:sprint_one_cm":614061,"minecraft:damage_taken":6388,"minecraft:walk_one_cm":460006,"minecraft:drop":10,"minecraft:damage_dealt":1690,"minecraft:swim_one_cm":111070,"minecraft:talked_to_villager":3,"minecraft:fly_one_cm":619239,"minecraft:player_kills":1,"minecraft:open_chest":72,"minecraft:crouch_one_cm":1932,"minecraft:play_time":242434,"minecraft:deaths":19,"minecraft:sneak_time":1174,"minecraft:walk_under_water_one_cm":11849,"minecraft:jump":4622,"minecraft:walk_on_water_one_cm":34431,"minecraft:total_world_time":244261,"minecraft:fall_one_cm":407474},"minecraft:dropped":{"minecraft:oak_log":7,"minecraft:cobblestone":1,"minecraft:oak_planks":3,"minecraft:apple":4,"minecraft:copper_ingot":1,"super_block_world:smooth_toadstone":1,"minecraft:painting":1,"projectvibrantjourneys:bark_mushroom":3},"minecraft:crafted":{"minecraft:wooden_sword":1,"minecraft:oak_planks":8,"minecraft:wooden_pickaxe":1},"minecraft:picked_up":{"minecraft:charcoal":6,"minecraft:crafting_table":2,"minecraft:salmon":1,"minecraft:suspicious_stew":1,"minecraft:jungle_log":1,"minecraft:leather":5,"minecraft:cut_sandstone":11,"unusualfishmod:raw_spindlefish":1,"minecraft:oak_log":23,"minecraft:dirt":24,"super_block_world:power_star":1,"super_block_world:smooth_toadstone":1,"super_block_world:toadstone_brick_slab":4,"minecraft:apple":9,"minecraft:stone_bricks":2,"minecraft:bow":1,"minecraft:stone_pickaxe":1,"minecraft:stripped_oak_wood":6,"minecraft:mossy_stone_bricks":2,"minecraft:chest":1,"minecraft:oak_planks":8,"minecraft:mangrove_log":3,"minecraft:stick":25,"minecraft:sandstone":41,"minecraft:cooked_porkchop":11,"minecraft:sweet_berries":7,"minecraft:copper_ingot":1,"projectvibrantjourneys:bark_mushroom":3,"minecraft:spyglass":1,"super_block_world:toadstone_brick_stairs":6,"minecraft:porkchop":8,"minecraft:sand":6,"super_block_world:toadstone_bricks":12,"minecraft:carrot":16,"minecraft:barrel":1,"undead_revamp2:heavytooth":1,"undead_revamp2:rawbostrox":1,"minecraft:arrow":10,"minecraft:stone_shovel":1,"minecraft:rotten_flesh":24,"minecraft:slime_ball":1,"minecraft:painting":1,"minecraft:bone_meal":1,"minecraft:golden_apple":1,"alexsmobs:emu_egg":1,"supplementaries:ash":1,"minecraft:snowball":32,"minecraft:cobblestone":7},"minecraft:used":{"minecraft:mossy_stone_bricks":2,"minecraft:stone_pickaxe":4,"minecraft:oak_planks":2,"minecraft:wooden_pickaxe":13,"minecraft:sandstone":41,"minecraft:cut_sandstone":3,"minecraft:rotten_flesh":1,"minecraft:dirt":20,"minecraft:crafting_table":1,"minecraft:carrot":28,"minecraft:painting":1,"minecraft:apple":10,"minecraft:lantern":2,"minecraft:suspicious_stew":1,"minecraft:iron_axe":3,"minecraft:bread":31,"minecraft:jungle_log":1,"minecraft:barrel":1,"minecraft:stone_axe":1,"minecraft:wooden_sword":37,"minecraft:cobblestone":1,"minecraft:bow":1,"minecraft:candle":3},"minecraft:mined":{"minecraft:cut_sandstone":6,"minecraft:jungle_leaves":1,"minecraft:crafting_table":1,"minecraft:grass_block":6,"minecraft:jungle_log":1,"minecraft:chest":1,"minecraft:oak_planks":2,"minecraft:sandstone":3,"minecraft:carrots":4,"minecraft:barrel":1,"minecraft:grass":2,"minecraft:oak_log":8,"minecraft:vine":1,"minecraft:dirt":17,"minecraft:stone":4,"minecraft:mossy_stone_bricks":1}},"DataVersion":3465}