{"stats":{"minecraft:picked_up":{"minecraft:stick":18,"minecraft:salmon":1,"minecraft:apple":8,"minecraft:stone_pickaxe":1,"minecraft:chest":1,"minecraft:snowball":32,"minecraft:mangrove_log":3,"minecraft:dirt":4,"minecraft:cobblestone":5},"minecraft:dropped":{"minecraft:cobblestone":1,"minecraft:apple":4},"minecraft:killed_by":{"minecraft:creeper":1,"undead_revamp2:thebeartamer":2},"minecraft:used":{"minecraft:stone_axe":1,"minecraft:dirt":4,"minecraft:cobblestone":1,"minecraft:stone_pickaxe":4},"minecraft:custom":{"minecraft:time_since_rest":657,"minecraft:open_chest":3,"minecraft:play_time":18944,"minecraft:sprint_one_cm":15483,"minecraft:deaths":3,"minecraft:damage_taken":765,"minecraft:walk_one_cm":21387,"minecraft:sneak_time":17,"minecraft:drop":2,"minecraft:jump":368,"minecraft:damage_dealt":12,"minecraft:leave_game":4,"minecraft:time_since_death":626,"minecraft:climb_one_cm":2521,"minecraft:total_world_time":20771,"minecraft:fall_one_cm":7420,"minecraft:fly_one_cm":22497},"minecraft:mined":{"minecraft:grass_block":1,"minecraft:chest":1,"minecraft:dirt":3,"minecraft:stone":4}},"DataVersion":3465}