{"stats":{"minecraft:dropped":{"minecraft:painting":4},"minecraft:killed_by":{"minecraft:player":1},"minecraft:crafted":{"minecraft:oak_planks":8,"minecraft:wooden_pickaxe":1,"minecraft:stone_sword":1},"minecraft:used":{"minecraft:apple":2,"minecraft:chest":1,"minecraft:wooden_pickaxe":8,"minecraft:rotten_flesh":1,"minecraft:leather_boots":1,"minecraft:barrel":2,"projectvibrantjourneys:orange_bark_mushroom":2,"minecraft:lime_bed":2,"minecraft:carrot":5,"minecraft:andesite_stairs":1,"minecraft:spruce_stairs":1,"minecraft:black_candle":1,"minecraft:cooked_beef":5,"minecraft:painting":4,"minecraft:splash_potion":13,"minecraft:obsidian":4},"minecraft:mined":{"lootr:lootr_chest":1,"minecraft:carrots":1,"minecraft:grass":1,"minecraft:oak_log":2,"minecraft:tall_grass":1,"minecraft:stone":8},"minecraft:picked_up":{"minecraft:black_candle":1,"minecraft:spruce_stairs":1,"minecraft:oak_log":2,"minecraft:carrot":4,"minecraft:pufferfish":1,"minecraft:rotten_flesh":4,"minecraft:andesite_stairs":1,"minecraft:painting":4,"projectvibrantjourneys:orange_bark_mushroom":2,"minecraft:chest":1,"minecraft:cobblestone":8},"minecraft:custom":{"minecraft:time_since_rest":6257,"minecraft:sprint_one_cm":145444,"lootr:looted_stat":9,"minecraft:damage_taken":864,"minecraft:walk_one_cm":56236,"minecraft:drop":1,"minecraft:damage_dealt":124,"minecraft:interact_with_crafting_table":2,"minecraft:swim_one_cm":626,"minecraft:fly_one_cm":500642,"minecraft:open_barrel":1,"minecraft:open_chest":4,"minecraft:crouch_one_cm":11,"minecraft:play_time":78305,"minecraft:deaths":2,"minecraft:sneak_time":1903,"minecraft:walk_under_water_one_cm":325,"minecraft:jump":268,"minecraft:eat_cake_slice":4,"minecraft:leave_game":8,"minecraft:time_since_death":6227,"minecraft:walk_on_water_one_cm":3357,"minecraft:sleep_in_bed":3,"minecraft:climb_one_cm":1288,"minecraft:total_world_time":78305,"minecraft:fall_one_cm":14481}},"DataVersion":3465}