{"stats":{"minecraft:used":{"minecraft:mossy_stone_bricks":2,"minecraft:iron_shovel":85,"minecraft:stone_pickaxe":4,"minecraft:oak_planks":2,"minecraft:wooden_pickaxe":16,"minecraft:sandstone":46,"minecraft:cut_sandstone":3,"minecraft:green_bed":1,"minecraft:rotten_flesh":1,"minecraft:torch":1,"minecraft:dirt":21,"minecraft:sand":30,"minecraft:crafting_table":1,"super_block_world:yoshi_fruit":1,"minecraft:carrot":28,"minecraft:painting":1,"super_block_world:toadstone_bricks":1,"minecraft:wooden_axe":7,"super_block_world:hammer":1,"minecraft:apple":22,"minecraft:bread":31,"minecraft:iron_axe":64,"minecraft:jungle_log":1,"minecraft:lantern":2,"minecraft:suspicious_stew":1,"minecraft:barrel":1,"minecraft:stone_axe":1,"minecraft:wooden_sword":48,"minecraft:cobblestone":5,"minecraft:bow":13,"minecraft:cooked_porkchop":11,"minecraft:candle":3},"minecraft:killed_by":{"minecraft:ghast":7,"minecraft:husk":2,"undead_revamp2:sucker":1,"minecraft:player":2,"undead_revamp2:the_moonflower":1,"minecraft:skeleton":5,"minecraft:creeper":2,"minecraft:spider":1,"minecraft:zombie":2,"alexsmobs:grizzly_bear":1,"minecraft:enderman":2,"undead_revamp2:theheavy":1,"undead_revamp2:thebeartamer":2,"super_block_world:boom_boom":1,"undead_revamp2:thehorrors":1},"minecraft:killed":{"alexsmobs:guster":3,"undead_revamp2:theimmortal":1,"undead_revamp2:the_moonflower":2,"minecraft:spider":1,"undead_revamp2:theheavy":2,"super_block_world:shy_guy":1,"plenty_of_golems:obsidian_golem":1},"minecraft:crafted":{"minecraft:wooden_sword":1,"minecraft:oak_planks":8,"minecraft:cooked_porkchop":20,"minecraft:wooden_pickaxe":1,"minecraft:torch":4},"minecraft:custom":{"minecraft:interact_with_furnace":2,"minecraft:mob_kills":12,"minecraft:interact_with_crafting_table":6,"minecraft:open_barrel":14,"minecraft:damage_dealt_resisted":434,"minecraft:leave_game":16,"minecraft:time_since_death":9690,"minecraft:sleep_in_bed":7,"minecraft:climb_one_cm":50268,"minecraft:time_since_rest":9717,"minecraft:sprint_one_cm":878528,"minecraft:damage_taken":12675,"minecraft:walk_one_cm":550458,"minecraft:drop":12,"minecraft:damage_dealt":5342,"minecraft:swim_one_cm":143753,"minecraft:talked_to_villager":3,"minecraft:fly_one_cm":1331936,"minecraft:player_kills":1,"minecraft:open_chest":92,"minecraft:crouch_one_cm":2907,"minecraft:play_time":345251,"minecraft:deaths":33,"minecraft:sneak_time":1692,"minecraft:walk_under_water_one_cm":23823,"minecraft:jump":6318,"minecraft:walk_on_water_one_cm":45121,"minecraft:total_world_time":347078,"minecraft:interact_with_smoker":1,"minecraft:fall_one_cm":1072978},"minecraft:dropped":{"minecraft:oak_log":7,"minecraft:cobblestone":1,"minecraft:oak_planks":3,"minecraft:apple":4,"minecraft:copper_ingot":1,"undead_revamp2:heavytooth":1,"super_block_world:smooth_toadstone":1,"minecraft:wooden_sword":1,"minecraft:painting":1,"projectvibrantjourneys:bark_mushroom":3},"minecraft:mined":{"minecraft:cut_sandstone":6,"minecraft:jungle_leaves":62,"minecraft:crafting_table":1,"minecraft:grass_block":6,"minecraft:chest":1,"minecraft:jungle_log":1,"projectvibrantjourneys:sandstone_rocks":1,"minecraft:oak_planks":2,"minecraft:sandstone":3,"super_block_world:toadstone_bricks":1,"minecraft:jungle_wood":5,"minecraft:carrots":4,"minecraft:barrel":1,"minecraft:fire":2,"minecraft:grass":2,"minecraft:oak_log":8,"minecraft:vine":4,"minecraft:sand":87,"minecraft:dirt":17,"minecraft:stone":4,"minecraft:mossy_stone_bricks":1,"minecraft:green_bed":1},"minecraft:picked_up":{"minecraft:charcoal":6,"minecraft:crafting_table":2,"minecraft:salmon":1,"minecraft:suspicious_stew":1,"minecraft:jungle_log":1,"minecraft:cut_sandstone":15,"minecraft:leather":5,"minecraft:jungle_wood":5,"unusualfishmod:raw_spindlefish":1,"super_block_world:raw_bronze":1,"minecraft:oak_log":23,"minecraft:chainmail_chestplate":1,"minecraft:cornflower":1,"minecraft:dirt":26,"super_block_world:power_star":2,"super_block_world:smooth_toadstone":1,"minecraft:wooden_sword":2,"super_block_world:toadstone_brick_slab":4,"minecraft:iron_shovel":1,"minecraft:apple":9,"minecraft:stone_bricks":3,"minecraft:bow":1,"trailsandtalesplus:banana":10,"minecraft:gold_nugget":5,"minecraft:rabbit_hide":2,"minecraft:stone_pickaxe":1,"minecraft:stripped_oak_wood":6,"minecraft:jungle_sapling":2,"minecraft:mossy_stone_bricks":2,"minecraft:rabbit":2,"minecraft:chest":1,"minecraft:oak_planks":8,"minecraft:mangrove_log":3,"super_block_world:subcon_thread":1,"minecraft:stick":28,"minecraft:sandstone":47,"minecraft:cooked_porkchop":11,"minecraft:sweet_berries":7,"minecraft:chiseled_stone_bricks":4,"minecraft:copper_ingot":1,"projectvibrantjourneys:bark_mushroom":3,"minecraft:green_bed":1,"minecraft:spyglass":1,"minecraft:porkchop":8,"minecraft:polished_blackstone_bricks":4,"minecraft:sand":127,"super_block_world:toadstone_bricks":16,"super_block_world:toadstone_brick_stairs":6,"minecraft:diorite":3,"minecraft:carrot":16,"minecraft:barrel":1,"undead_revamp2:heavytooth":3,"undead_revamp2:rawbostrox":4,"minecraft:stone_shovel":1,"minecraft:arrow":10,"minecraft:cactus":2,"minecraft:rotten_flesh":42,"minecraft:slime_ball":1,"minecraft:painting":1,"minecraft:bone_meal":1,"minecraft:golden_apple":1,"alexsmobs:emu_egg":1,"supplementaries:ash":1,"minecraft:snowball":32,"minecraft:cobblestone":21}},"DataVersion":3465}