{"stats":{"minecraft:mined":{"minecraft:carrots":1},"minecraft:picked_up":{"minecraft:carrot":4},"minecraft:used":{"minecraft:carrot":5,"minecraft:lime_bed":1},"minecraft:custom":{"minecraft:jump":80,"minecraft:time_since_rest":30148,"minecraft:damage_taken":120,"minecraft:leave_game":2,"minecraft:sprint_one_cm":24587,"minecraft:play_time":30148,"minecraft:time_since_death":30148,"minecraft:walk_on_water_one_cm":3357,"minecraft:walk_one_cm":9041,"minecraft:sneak_time":1070,"minecraft:total_world_time":30148,"minecraft:climb_one_cm":62,"minecraft:walk_under_water_one_cm":325,"minecraft:swim_one_cm":626,"minecraft:fall_one_cm":5766,"minecraft:fly_one_cm":392894}},"DataVersion":3465}