{"stats":{"minecraft:mined":{"minecraft:grass_block":1,"minecraft:chest":1,"minecraft:dirt":3},"minecraft:picked_up":{"minecraft:stick":18,"minecraft:apple":8,"minecraft:salmon":1,"minecraft:stone_pickaxe":1,"minecraft:chest":1,"minecraft:mangrove_log":3,"minecraft:dirt":4},"minecraft:dropped":{"minecraft:apple":4},"minecraft:used":{"minecraft:stone_axe":1,"minecraft:dirt":4},"minecraft:killed_by":{"minecraft:creeper":1},"minecraft:custom":{"minecraft:time_since_rest":256,"minecraft:open_chest":3,"minecraft:play_time":14236,"minecraft:sprint_one_cm":15483,"minecraft:deaths":1,"minecraft:damage_taken":285,"minecraft:walk_one_cm":16604,"minecraft:sneak_time":17,"minecraft:drop":1,"minecraft:jump":289,"minecraft:damage_dealt":12,"minecraft:leave_game":3,"minecraft:time_since_death":197,"minecraft:climb_one_cm":2412,"minecraft:total_world_time":16063,"minecraft:fly_one_cm":21879,"minecraft:fall_one_cm":7211}},"DataVersion":3465}