{"stats":{"minecraft:killed":{"endofherobrine:silverfish":1,"minecraft:spider":3,"minecraft:skeleton":1,"undead_revamp2:therod":1,"undead_revamp2:theheavy":3,"minecraft:zombie":1,"alexsmobs:fly":1,"undead_revamp2:thehunter":1,"undead_revamp2:theimmortal":2,"undead_revamp2:thegliter":1,"plenty_of_golems:obsidian_golem":1,"undead_revamp2:sucker":3,"minecraft:husk":6,"alexsmobs:guster":4,"undead_revamp2:the_moonflower":6,"super_block_world:shy_guy":2,"minecraft:villager":1},"minecraft:custom":{"lootr:looted_stat":4,"minecraft:interact_with_crafting_table":29,"minecraft:open_barrel":47,"minecraft:leave_game":59,"minecraft:time_since_death":2414,"minecraft:damage_resisted":115,"minecraft:sprint_one_cm":2202058,"minecraft:drop":38,"minecraft:talked_to_villager":12,"minecraft:play_time":887899,"minecraft:deaths":85,"minecraft:jump":13155,"minecraft:walk_on_water_one_cm":71646,"minecraft:interact_with_furnace":4,"minecraft:sleep_in_bed":19,"minecraft:damage_dealt":14838,"minecraft:player_kills":1,"minecraft:crouch_one_cm":4255,"minecraft:interact_with_smoker":3,"minecraft:mob_kills":41,"minecraft:damage_dealt_resisted":1501,"minecraft:climb_one_cm":107984,"minecraft:walk_one_cm":1015427,"minecraft:sneak_time":5374,"minecraft:walk_under_water_one_cm":40822,"minecraft:interact_with_blast_furnace":1,"minecraft:total_world_time":889726,"minecraft:interact_with_stonecutter":3,"minecraft:time_since_rest":2432,"minecraft:damage_taken":32311,"minecraft:swim_one_cm":166956,"minecraft:fly_one_cm":3241676,"minecraft:open_chest":287,"minecraft:fall_one_cm":2636971},"minecraft:dropped":{"minecraft:oak_log":7,"projectvibrantjourneys:bones":1,"friendsandfoes:totem_of_illusion":1,"minecraft:wooden_sword":1,"projectvibrantjourneys:bark_mushroom":3,"minecraft:gravel":2,"undead_revamp2:huntereye":1,"undead_revamp2:arapholia":2,"good_nights_sleep:cyan_flower":1,"minecraft:rotten_flesh":13,"minecraft:oak_planks":3,"minecraft:jungle_trapdoor":1,"super_block_world:smooth_toadstone":1,"minecraft:beetroot_seeds":1,"minecraft:painting":1,"projectvibrantjourneys:cattail":1,"minecraft:cobblestone":3,"minecraft:knowledge_book":10,"minecraft:apple":4,"minecraft:copper_ingot":1,"minecraft:stick":1,"super_block_world:shy_guy_mask":2,"minecraft:name_tag":1,"undead_revamp2:heavytooth":1},"minecraft:broken":{"minecraft:iron_shovel":1,"minecraft:stone_shovel":2,"minecraft:iron_axe":1,"minecraft:iron_pickaxe":1},"minecraft:crafted":{"minecraft:oak_planks":28,"minecraft:cut_sandstone":40,"quark:cherry_chest":1,"minecraft:iron_boots":1,"minecraft:golden_boots":1,"minecraft:cooked_porkchop":20,"minecraft:wooden_pickaxe":1,"minecraft:iron_helmet":1,"minecraft:stick":4,"quark:oak_chest":1,"minecraft:iron_ingot":4,"minecraft:iron_pickaxe":2,"minecraft:sandstone":40,"minecraft:cherry_planks":8,"minecraft:wooden_sword":1,"minecraft:oak_door":6,"minecraft:stone_shovel":3,"minecraft:furnace":1,"minecraft:bone_meal":15,"minecraft:iron_sword":1,"minecraft:stone_axe":1,"minecraft:air":0,"minecraft:iron_leggings":1,"minecraft:torch":56},"minecraft:mined":{"minecraft:spruce_planks":4,"minecraft:jungle_leaves":72,"minecraft:cave_vines_plant":6,"minecraft:grass_block":107,"minecraft:jungle_log":41,"minecraft:spawner":2,"minecraft:cobbled_deepslate":3,"minecraft:barrel":2,"minecraft:fire":27,"minecraft:moss_carpet":2,"minecraft:cave_vines":3,"minecraft:dirt_path":1,"minecraft:green_bed":1,"minecraft:jungle_trapdoor":2,"projectvibrantjourneys:cattail":1,"minecraft:deepslate_redstone_ore":4,"minecraft:cut_sandstone":12,"minecraft:blackstone":2,"minecraft:torch":21,"minecraft:chest":1,"minecraft:cobblestone":10,"minecraft:oak_planks":2,"minecraft:wall_torch":13,"minecraft:pink_petals":1,"minecraft:jungle_wood":5,"minecraft:mud":7,"minecraft:grass":7,"minecraft:oak_log":8,"projectvibrantjourneys:short_grass":1,"minecraft:beetroots":1,"minecraft:dirt":41,"minecraft:sand":338,"minecraft:stonecutter":1,"super_block_world:gritzy_sandstone":13,"minecraft:deepslate":20,"super_block_world:vanillate_crumble":7,"minecraft:jungle_planks":2,"projectvibrantjourneys:sandstone_rocks":2,"minecraft:moss_block":5,"minecraft:sandstone":11,"minecraft:carrots":8,"minecraft:vine":6,"minecraft:bamboo":2,"minecraft:stone":63,"trailsandtalesplus:toughen_deepslate":6,"minecraft:brown_carpet":1,"minecraft:crafting_table":2,"minecraft:smooth_sandstone":1,"minecraft:deepslate_coal_ore":47,"minecraft:lily_pad":1,"minecraft:red_terracotta":3,"minecraft:cactus":8,"super_block_world:toadstone_bricks":1,"super_block_world:vanillate":42,"minecraft:gravel":9,"minecraft:cobweb":16,"minecraft:terracotta":14,"minecraft:stone_bricks":8,"minecraft:mossy_stone_bricks":1,"super_block_world:gritzy_sand":3,"minecraft:fern":1},"minecraft:used":{"minecraft:beetroot":1,"minecraft:moss_block":4,"minecraft:moss_carpet":3,"minecraft:iron_shovel":128,"minecraft:iron_sword":97,"minecraft:rotten_flesh":43,"quark:cherry_chest":1,"minecraft:carrot":42,"minecraft:jungle_sapling":3,"minecraft:villager_spawn_egg":10,"minecraft:lantern":2,"minecraft:iron_helmet":3,"minecraft:stone_bricks":13,"minecraft:bow":13,"minecraft:brown_carpet":6,"minecraft:furnace":1,"bygonenether:cobbled_blackstone":2,"minecraft:mossy_stone_bricks":2,"minecraft:stone_pickaxe":4,"minecraft:oak_planks":2,"minecraft:cactus":2,"minecraft:wooden_pickaxe":16,"minecraft:sandstone":48,"minecraft:composter":2,"minecraft:golden_apple":1,"minecraft:glow_berries":33,"minecraft:sand":199,"minecraft:bread":34,"minecraft:red_terracotta":4,"minecraft:gravel":11,"minecraft:wooden_sword":48,"minecraft:chain":1,"minecraft:bone_meal":16,"minecraft:stone_shovel":279,"minecraft:spruce_planks":4,"minecraft:oak_door":4,"minecraft:torch":76,"minecraft:dirt":115,"minecraft:jungle_trapdoor":3,"minecraft:spruce_fence":1,"super_block_world:toadstone_bricks":1,"minecraft:wooden_axe":7,"super_block_world:hammer":1,"minecraft:iron_axe":180,"minecraft:smooth_sandstone":3,"minecraft:jungle_log":33,"minecraft:iron_boots":1,"minecraft:barrel":2,"undead_revamp2:huntereye":2,"minecraft:bamboo":2,"minecraft:tripwire_hook":1,"alexsmobs:banana":3,"undead_revamp2:arapholia":1,"minecraft:cobbled_deepslate":35,"minecraft:iron_leggings":1,"minecraft:knowledge_book":30,"trailsandtalesplus:banana":60,"minecraft:wheat_seeds":1,"minecraft:cut_sandstone":126,"minecraft:stonecutter":1,"trailsandtalesplus:toughen_deepslate":9,"minecraft:green_bed":1,"minecraft:terracotta":8,"minecraft:crafting_table":4,"minecraft:red_bed":17,"super_block_world:yoshi_fruit":1,"minecraft:spider_eye":1,"minecraft:painting":1,"minecraft:mud":7,"minecraft:apple":32,"minecraft:suspicious_stew":1,"minecraft:iron_pickaxe":284,"minecraft:detector_rail":4,"super_block_world:cut_gritzy_sandstone":9,"minecraft:stone_axe":49,"minecraft:pink_petals":3,"minecraft:cobblestone":60,"minecraft:potion":1,"minecraft:cooked_porkchop":11,"quark:oak_chest":1,"minecraft:candle":3,"minecraft:splash_potion":37},"minecraft:killed_by":{"minecraft:ghast":7,"undead_revamp2:sucker":6,"undead_revamp2:the_moonflower":7,"minecraft:creeper":2,"minecraft:pillager":2,"minecraft:vindicator":3,"minecraft:zombie":6,"alexsmobs:grizzly_bear":1,"undead_revamp2:thepregnant":1,"super_block_world:shy_guy":1,"undead_revamp2:theheavy":3,"super_block_world:boom_boom":1,"minecraft:illusioner":1,"minecraft:husk":3,"minecraft:player":7,"minecraft:spider":1,"minecraft:enderman":2,"undead_revamp2:thesomnolence":1,"undead_revamp2:thespitter":1,"undead_revamp2:thehorrors":2,"undead_revamp2:thehunter":1,"undead_revamp2:therod":4,"minecraft:skeleton":8,"undead_revamp2:thebeartamer":2},"minecraft:picked_up":{"minecraft:suspicious_stew":1,"minecraft:string":23,"minecraft:beetroot":1,"minecraft:cobbled_deepslate":35,"minecraft:gold_nugget":7,"alexsmobs:banana":3,"minecraft:spruce_planks":5,"minecraft:azalea":7,"minecraft:mangrove_log":3,"super_block_world:subcon_thread":2,"miniumstone:minium_shard":1,"minecraft:stick":47,"minecraft:torch":37,"minecraft:green_bed":1,"minecraft:porkchop":8,"super_block_world:toadstone_brick_stairs":6,"minecraft:cherry_log":5,"minecraft:diorite":3,"minecraft:brown_carpet":6,"minecraft:cactus":20,"minecraft:rotten_flesh":117,"alexsmobs:emu_egg":1,"projectvibrantjourneys:cattail":1,"supplementaries:ash":4,"minecraft:snowball":32,"undead_revamp2:arapholia":3,"minecraft:cobblestone":102,"minecraft:pink_petals":3,"minecraft:feather":1,"trailsandtalesplus:voidum":1,"minecraft:jungle_log":4,"minecraft:jungle_wood":5,"minecraft:potato":7,"unusualfishmod:raw_spindlefish":1,"paraglider:spirit_orb":4,"undead_revamp2:huntereye":3,"super_block_world:shy_guy_mask":3,"super_block_world:power_star":2,"minecraft:dirt":154,"super_block_world:smooth_toadstone":1,"minecraft:bone":8,"minecraft:stonecutter":2,"minecraft:bow":1,"trailsandtalesplus:banana":39,"minecraft:wheat_seeds":6,"minecraft:mossy_stone_bricks":2,"minecraft:rabbit":2,"minecraft:bamboo":20,"minecraft:moss_block":5,"minecraft:oak_planks":8,"minecraft:cooked_porkchop":11,"trailsandtalesplus:toughen_deepslate":9,"minecraft:jungle_planks":2,"minecraft:sand":455,"super_block_world:toadstone_bricks":16,"minecraft:red_terracotta":4,"minecraft:chiseled_sandstone":10,"minecraft:barrel":1,"undead_revamp2:heavytooth":4,"minecraft:bone_meal":2,"minecraft:golden_apple":1,"minecraft:chainmail_helmet":1,"minecraft:bread":1,"minecraft:charcoal":6,"minecraft:mud":7,"minecraft:crafting_table":3,"minecraft:leather_leggings":1,"friendsandfoes:totem_of_illusion":1,"minecraft:chain":1,"minecraft:cornflower":1,"minecraft:jungle_trapdoor":11,"minecraft:moss_carpet":5,"minecraft:wooden_sword":2,"minecraft:iron_axe":1,"minecraft:iron_shovel":2,"minecraft:jungle_sapling":11,"good_nights_sleep:cyan_flower":1,"minecraft:sugar_cane":9,"minecraft:chest":1,"minecraft:sandstone":102,"bygonenether:cobbled_blackstone":7,"minecraft:copper_ingot":5,"projectvibrantjourneys:bark_mushroom":3,"minecraft:spruce_fence":1,"minecraft:polished_blackstone_bricks":4,"minecraft:carrot":28,"minecraft:redstone":18,"minecraft:arrow":13,"minecraft:stone_shovel":1,"minecraft:beetroot_seeds":1,"minecraft:sandstone_stairs":11,"super_block_world:gritzy_sand":11,"minecraft:gold_ingot":4,"minecraft:glow_berries":17,"minecraft:salmon":1,"minecraft:leather":5,"minecraft:cut_sandstone":67,"super_block_world:raw_bronze":1,"minecraft:oak_log":23,"minecraft:chainmail_chestplate":2,"minecraft:lily_pad":2,"minecraft:gunpowder":2,"super_block_world:toadstone_brick_slab":4,"minecraft:smooth_sandstone":3,"super_block_world:gritzy_sandstone":9,"minecraft:apple":9,"minecraft:stone_bricks":11,"minecraft:rabbit_hide":2,"minecraft:iron_ingot":16,"minecraft:stone_pickaxe":1,"minecraft:stripped_oak_wood":6,"minecraft:glass_bottle":1,"minecraft:iron_sword":2,"minecraft:book":1,"super_block_world:vanillate_crumble":51,"projectvibrantjourneys:light_brown_bark_mushroom":1,"minecraft:sweet_berries":7,"minecraft:chiseled_stone_bricks":4,"minecraft:spyglass":1,"minecraft:gravel":13,"projectvibrantjourneys:bones":2,"minecraft:spider_eye":1,"undead_revamp2:rawbostrox":5,"minecraft:slime_ball":5,"the_rise_of_kirby:kirbook":4,"undead_revamp2:beespheromones":1,"minecraft:chainmail_leggings":1,"minecraft:iron_helmet":1,"minecraft:painting":1,"minecraft:cherry_sapling":2,"minecraft:terracotta":16,"minecraft:coal":52}},"DataVersion":3465}