{"stats":{"minecraft:mined":{"minecraft:spruce_planks":2,"minecraft:jungle_leaves":64,"minecraft:cave_vines_plant":2,"minecraft:grass_block":6,"minecraft:jungle_log":4,"projectvibrantjourneys:sandstone_rocks":1,"minecraft:moss_block":1,"minecraft:sandstone":11,"minecraft:carrots":8,"minecraft:cobbled_deepslate":1,"minecraft:fire":6,"minecraft:barrel":1,"minecraft:vine":5,"minecraft:cave_vines":2,"minecraft:bamboo":1,"minecraft:stone":63,"trailsandtalesplus:toughen_deepslate":6,"minecraft:green_bed":1,"minecraft:jungle_trapdoor":2,"minecraft:deepslate_redstone_ore":4,"minecraft:cut_sandstone":8,"minecraft:smooth_sandstone":1,"minecraft:crafting_table":1,"minecraft:torch":1,"minecraft:chest":1,"minecraft:cobblestone":2,"minecraft:oak_planks":2,"minecraft:wall_torch":2,"minecraft:pink_petals":1,"minecraft:cactus":5,"super_block_world:toadstone_bricks":1,"minecraft:jungle_wood":5,"minecraft:mud":6,"minecraft:grass":5,"minecraft:oak_log":8,"minecraft:beetroots":1,"minecraft:gravel":4,"minecraft:sand":102,"minecraft:dirt":17,"minecraft:cobweb":1,"minecraft:mossy_stone_bricks":1,"minecraft:deepslate":16},"minecraft:picked_up":{"minecraft:charcoal":6,"minecraft:mud":6,"minecraft:crafting_table":2,"minecraft:suspicious_stew":1,"friendsandfoes:totem_of_illusion":1,"minecraft:chain":1,"minecraft:cornflower":1,"minecraft:jungle_trapdoor":11,"minecraft:string":1,"minecraft:wooden_sword":2,"minecraft:iron_shovel":1,"minecraft:beetroot":1,"minecraft:gold_nugget":5,"minecraft:cobbled_deepslate":24,"minecraft:spruce_planks":3,"minecraft:jungle_sapling":2,"minecraft:azalea":1,"minecraft:chest":1,"minecraft:mangrove_log":3,"super_block_world:subcon_thread":1,"minecraft:stick":29,"minecraft:sandstone":102,"minecraft:copper_ingot":3,"projectvibrantjourneys:bark_mushroom":3,"minecraft:torch":3,"minecraft:green_bed":1,"minecraft:spruce_fence":1,"minecraft:porkchop":8,"minecraft:polished_blackstone_bricks":4,"super_block_world:toadstone_brick_stairs":6,"minecraft:diorite":3,"minecraft:carrot":28,"minecraft:redstone":18,"minecraft:brown_carpet":5,"minecraft:cactus":13,"minecraft:arrow":11,"minecraft:rotten_flesh":50,"minecraft:stone_shovel":1,"minecraft:beetroot_seeds":1,"minecraft:sandstone_stairs":11,"alexsmobs:emu_egg":1,"supplementaries:ash":2,"minecraft:glow_berries":11,"minecraft:snowball":32,"minecraft:cobblestone":87,"minecraft:pink_petals":3,"trailsandtalesplus:voidum":1,"minecraft:jungle_log":3,"minecraft:salmon":1,"minecraft:cut_sandstone":60,"minecraft:leather":5,"minecraft:jungle_wood":5,"unusualfishmod:raw_spindlefish":1,"minecraft:oak_log":23,"super_block_world:raw_bronze":1,"minecraft:chainmail_chestplate":2,"undead_revamp2:huntereye":2,"super_block_world:shy_guy_mask":1,"minecraft:dirt":26,"super_block_world:power_star":2,"super_block_world:smooth_toadstone":1,"super_block_world:toadstone_brick_slab":4,"minecraft:smooth_sandstone":3,"minecraft:bone":5,"minecraft:apple":9,"minecraft:stone_bricks":3,"minecraft:bow":1,"minecraft:wheat_seeds":1,"trailsandtalesplus:banana":10,"minecraft:rabbit_hide":2,"minecraft:iron_ingot":16,"minecraft:stone_pickaxe":1,"minecraft:stripped_oak_wood":6,"minecraft:glass_bottle":1,"minecraft:mossy_stone_bricks":2,"minecraft:rabbit":2,"minecraft:bamboo":11,"minecraft:moss_block":1,"minecraft:oak_planks":8,"projectvibrantjourneys:light_brown_bark_mushroom":1,"minecraft:cooked_porkchop":11,"minecraft:sweet_berries":7,"minecraft:chiseled_stone_bricks":4,"trailsandtalesplus:toughen_deepslate":7,"minecraft:spyglass":1,"minecraft:gravel":4,"minecraft:sand":203,"super_block_world:toadstone_bricks":16,"minecraft:chiseled_sandstone":10,"minecraft:barrel":1,"undead_revamp2:heavytooth":3,"undead_revamp2:rawbostrox":4,"minecraft:slime_ball":5,"minecraft:painting":1,"minecraft:bone_meal":2,"minecraft:golden_apple":1,"minecraft:coal":4},"minecraft:dropped":{"minecraft:oak_log":7,"minecraft:cobblestone":1,"minecraft:apple":4,"minecraft:copper_ingot":1,"friendsandfoes:totem_of_illusion":1,"minecraft:wooden_sword":1,"projectvibrantjourneys:bark_mushroom":3,"minecraft:oak_planks":3,"minecraft:jungle_trapdoor":1,"super_block_world:smooth_toadstone":1,"undead_revamp2:heavytooth":1,"minecraft:painting":1},"minecraft:killed":{"undead_revamp2:thehunter":1,"undead_revamp2:theimmortal":1,"minecraft:spider":1,"plenty_of_golems:obsidian_golem":1,"alexsmobs:guster":3,"undead_revamp2:the_moonflower":2,"undead_revamp2:theheavy":2,"super_block_world:shy_guy":1},"minecraft:used":{"minecraft:beetroot":1,"minecraft:moss_block":1,"minecraft:iron_shovel":85,"minecraft:iron_sword":20,"minecraft:rotten_flesh":39,"minecraft:oak_door":4,"minecraft:torch":16,"minecraft:dirt":21,"minecraft:carrot":42,"minecraft:jungle_trapdoor":3,"minecraft:spruce_fence":1,"super_block_world:toadstone_bricks":1,"minecraft:wooden_axe":7,"super_block_world:hammer":1,"minecraft:lantern":2,"minecraft:iron_axe":64,"minecraft:smooth_sandstone":3,"minecraft:jungle_log":3,"minecraft:iron_helmet":2,"undead_revamp2:huntereye":2,"minecraft:barrel":1,"minecraft:stone_bricks":1,"minecraft:bamboo":1,"minecraft:bow":13,"minecraft:cobbled_deepslate":24,"minecraft:wheat_seeds":1,"minecraft:mossy_stone_bricks":2,"minecraft:stone_pickaxe":4,"minecraft:oak_planks":2,"minecraft:wooden_pickaxe":16,"minecraft:sandstone":47,"minecraft:cut_sandstone":6,"trailsandtalesplus:toughen_deepslate":7,"minecraft:green_bed":1,"minecraft:golden_apple":1,"minecraft:glow_berries":20,"minecraft:sand":31,"minecraft:crafting_table":1,"super_block_world:yoshi_fruit":1,"minecraft:painting":1,"minecraft:apple":29,"minecraft:bread":31,"minecraft:iron_pickaxe":116,"minecraft:suspicious_stew":1,"minecraft:gravel":4,"minecraft:stone_axe":16,"minecraft:pink_petals":3,"minecraft:wooden_sword":48,"minecraft:cobblestone":51,"minecraft:cooked_porkchop":11,"minecraft:chain":1,"minecraft:bone_meal":1,"minecraft:candle":3},"minecraft:crafted":{"minecraft:wooden_sword":1,"minecraft:oak_door":6,"minecraft:oak_planks":20,"minecraft:cooked_porkchop":20,"minecraft:wooden_pickaxe":1,"minecraft:iron_helmet":1,"minecraft:iron_sword":1,"minecraft:stone_axe":1,"minecraft:iron_pickaxe":1,"minecraft:iron_ingot":3,"minecraft:torch":16},"minecraft:custom":{"minecraft:mob_kills":13,"minecraft:interact_with_crafting_table":9,"minecraft:open_barrel":26,"minecraft:damage_dealt_resisted":434,"minecraft:leave_game":18,"minecraft:time_since_death":4881,"minecraft:climb_one_cm":75945,"minecraft:sprint_one_cm":1231579,"minecraft:walk_one_cm":653249,"minecraft:drop":14,"minecraft:talked_to_villager":3,"minecraft:play_time":481621,"minecraft:deaths":43,"minecraft:sneak_time":2958,"minecraft:walk_under_water_one_cm":29881,"minecraft:jump":8577,"minecraft:interact_with_blast_furnace":1,"minecraft:walk_on_water_one_cm":55042,"minecraft:total_world_time":483448,"minecraft:interact_with_furnace":3,"minecraft:sleep_in_bed":14,"minecraft:time_since_rest":175,"minecraft:damage_taken":16307,"minecraft:damage_dealt":6322,"minecraft:fly_one_cm":1965038,"minecraft:swim_one_cm":148068,"minecraft:player_kills":1,"minecraft:open_chest":141,"minecraft:crouch_one_cm":3349,"minecraft:interact_with_smoker":3,"minecraft:fall_one_cm":1774363},"minecraft:killed_by":{"minecraft:ghast":7,"minecraft:husk":2,"undead_revamp2:sucker":1,"minecraft:player":2,"undead_revamp2:the_moonflower":2,"minecraft:creeper":2,"minecraft:spider":1,"minecraft:enderman":2,"undead_revamp2:thesomnolence":1,"undead_revamp2:thespitter":1,"undead_revamp2:thehorrors":1,"undead_revamp2:therod":1,"minecraft:skeleton":5,"minecraft:zombie":2,"alexsmobs:grizzly_bear":1,"undead_revamp2:thepregnant":1,"super_block_world:shy_guy":1,"undead_revamp2:theheavy":1,"undead_revamp2:thebeartamer":2,"super_block_world:boom_boom":1,"minecraft:illusioner":1}},"DataVersion":3465}