{"stats":{"minecraft:used":{"minecraft:potion":1},"minecraft:custom":{"minecraft:jump":4,"minecraft:time_since_rest":5903,"minecraft:damage_taken":140,"minecraft:leave_game":1,"minecraft:sprint_one_cm":134,"minecraft:play_time":15036,"minecraft:walk_one_cm":1139,"minecraft:time_since_death":5861,"minecraft:deaths":1,"minecraft:sneak_time":309,"minecraft:total_world_time":15036,"minecraft:fall_one_cm":2128,"minecraft:fly_one_cm":42349},"minecraft:picked_up":{"minecraft:dark_oak_sapling":1}},"DataVersion":3465}