{"stats":{"minecraft:used":{"minecraft:dirt":2,"minecraft:spider_eye":1},"minecraft:mined":{"minecraft:grass_block":3},"minecraft:custom":{"minecraft:time_since_rest":2907,"minecraft:crouch_one_cm":37,"minecraft:sprint_one_cm":48735,"minecraft:play_time":27460,"minecraft:deaths":3,"minecraft:damage_taken":832,"minecraft:walk_one_cm":22406,"minecraft:sneak_time":68,"minecraft:walk_under_water_one_cm":397,"minecraft:mob_kills":2,"minecraft:jump":257,"minecraft:damage_dealt":316,"minecraft:leave_game":5,"minecraft:walk_on_water_one_cm":676,"minecraft:time_since_death":2865,"minecraft:total_world_time":27460,"minecraft:swim_one_cm":6562,"minecraft:fall_one_cm":8291,"minecraft:fly_one_cm":34670},"minecraft:picked_up":{"minecraft:oak_sapling":2,"minecraft:spider_eye":1,"minecraft:dirt":3},"minecraft:killed_by":{"minecraft:spider":1,"minecraft:player":2}},"DataVersion":3465}