{"stats":{"minecraft:killed_by":{"minecraft:player":1},"minecraft:mined":{"lootr:lootr_chest":1,"minecraft:carrots":1},"minecraft:dropped":{"minecraft:painting":4},"minecraft:used":{"projectvibrantjourneys:orange_bark_mushroom":1,"minecraft:apple":2,"minecraft:lime_bed":2,"minecraft:spruce_stairs":1,"minecraft:carrot":5,"minecraft:black_candle":1,"minecraft:painting":4,"minecraft:chest":1,"minecraft:cooked_beef":5,"minecraft:obsidian":4,"minecraft:leather_boots":1},"minecraft:picked_up":{"minecraft:black_candle":1,"minecraft:pufferfish":1,"minecraft:rotten_flesh":4,"minecraft:spruce_stairs":1,"minecraft:painting":4,"projectvibrantjourneys:orange_bark_mushroom":1,"minecraft:carrot":4,"minecraft:chest":1},"minecraft:custom":{"minecraft:open_chest":1,"minecraft:time_since_rest":6839,"minecraft:deaths":1,"minecraft:crouch_one_cm":11,"minecraft:play_time":48148,"lootr:looted_stat":9,"minecraft:sprint_one_cm":125045,"minecraft:damage_taken":864,"minecraft:walk_one_cm":45470,"minecraft:sneak_time":1278,"minecraft:walk_under_water_one_cm":325,"minecraft:drop":1,"minecraft:jump":240,"minecraft:eat_cake_slice":4,"minecraft:damage_dealt":124,"minecraft:leave_game":2,"minecraft:walk_on_water_one_cm":3357,"minecraft:time_since_death":6800,"minecraft:sleep_in_bed":3,"minecraft:climb_one_cm":1288,"minecraft:total_world_time":48148,"minecraft:swim_one_cm":626,"minecraft:fall_one_cm":14481,"minecraft:fly_one_cm":417681}},"DataVersion":3465}