{"stats":{"minecraft:dropped":{"minecraft:oak_log":7,"minecraft:knowledge_book":1,"minecraft:cobblestone":1,"minecraft:apple":4,"minecraft:copper_ingot":1,"friendsandfoes:totem_of_illusion":1,"minecraft:stick":1,"minecraft:wooden_sword":1,"projectvibrantjourneys:bark_mushroom":3,"minecraft:gravel":2,"good_nights_sleep:cyan_flower":1,"super_block_world:shy_guy_mask":2,"minecraft:oak_planks":3,"minecraft:jungle_trapdoor":1,"super_block_world:smooth_toadstone":1,"undead_revamp2:heavytooth":1,"minecraft:beetroot_seeds":1,"sanitydim:garland":1,"minecraft:painting":1},"minecraft:picked_up":{"minecraft:charcoal":6,"minecraft:mud":6,"minecraft:crafting_table":2,"minecraft:suspicious_stew":1,"friendsandfoes:totem_of_illusion":1,"minecraft:chain":1,"minecraft:cornflower":1,"minecraft:jungle_trapdoor":11,"minecraft:string":17,"minecraft:wooden_sword":2,"minecraft:iron_shovel":1,"minecraft:beetroot":1,"minecraft:gold_nugget":5,"minecraft:cobbled_deepslate":33,"minecraft:spruce_planks":4,"minecraft:azalea":7,"minecraft:jungle_sapling":5,"good_nights_sleep:cyan_flower":1,"minecraft:chest":1,"minecraft:mangrove_log":3,"super_block_world:subcon_thread":1,"minecraft:stick":35,"minecraft:sandstone":102,"bygonenether:cobbled_blackstone":7,"minecraft:copper_ingot":3,"projectvibrantjourneys:bark_mushroom":3,"minecraft:torch":10,"minecraft:green_bed":1,"minecraft:spruce_fence":1,"minecraft:porkchop":8,"minecraft:polished_blackstone_bricks":4,"super_block_world:toadstone_brick_stairs":6,"minecraft:cherry_log":5,"minecraft:diorite":3,"minecraft:carrot":28,"minecraft:redstone":18,"minecraft:brown_carpet":5,"minecraft:stone_shovel":1,"minecraft:cactus":13,"minecraft:arrow":11,"minecraft:rotten_flesh":52,"minecraft:beetroot_seeds":1,"minecraft:sandstone_stairs":11,"alexsmobs:emu_egg":1,"supplementaries:ash":2,"minecraft:glow_berries":17,"minecraft:snowball":32,"minecraft:cobblestone":87,"minecraft:pink_petals":3,"trailsandtalesplus:voidum":1,"minecraft:salmon":1,"minecraft:jungle_log":4,"minecraft:cut_sandstone":60,"minecraft:leather":5,"minecraft:jungle_wood":5,"unusualfishmod:raw_spindlefish":1,"paraglider:spirit_orb":4,"super_block_world:raw_bronze":1,"minecraft:oak_log":23,"minecraft:chainmail_chestplate":2,"undead_revamp2:huntereye":2,"super_block_world:shy_guy_mask":3,"minecraft:gunpowder":2,"minecraft:dirt":26,"super_block_world:power_star":2,"super_block_world:smooth_toadstone":1,"super_block_world:toadstone_brick_slab":4,"minecraft:smooth_sandstone":3,"minecraft:bone":5,"minecraft:apple":9,"minecraft:stone_bricks":3,"minecraft:bow":1,"trailsandtalesplus:banana":14,"minecraft:wheat_seeds":1,"minecraft:rabbit_hide":2,"minecraft:iron_ingot":16,"minecraft:stone_pickaxe":1,"minecraft:stripped_oak_wood":6,"minecraft:mossy_stone_bricks":2,"minecraft:rabbit":2,"minecraft:glass_bottle":1,"minecraft:bamboo":20,"minecraft:moss_block":1,"minecraft:iron_sword":2,"minecraft:oak_planks":8,"projectvibrantjourneys:light_brown_bark_mushroom":1,"minecraft:cooked_porkchop":11,"minecraft:sweet_berries":7,"minecraft:chiseled_stone_bricks":4,"trailsandtalesplus:toughen_deepslate":9,"minecraft:spyglass":1,"minecraft:gravel":8,"minecraft:sand":203,"super_block_world:toadstone_bricks":16,"minecraft:chiseled_sandstone":10,"minecraft:barrel":1,"undead_revamp2:heavytooth":3,"undead_revamp2:rawbostrox":4,"minecraft:slime_ball":5,"undead_revamp2:beespheromones":1,"minecraft:painting":1,"minecraft:bone_meal":2,"minecraft:cherry_sapling":2,"minecraft:golden_apple":1,"minecraft:coal":52},"minecraft:killed":{"undead_revamp2:thehunter":1,"undead_revamp2:theimmortal":1,"undead_revamp2:thegliter":1,"minecraft:spider":1,"plenty_of_golems:obsidian_golem":1,"undead_revamp2:sucker":1,"alexsmobs:guster":3,"undead_revamp2:the_moonflower":3,"undead_revamp2:theheavy":2,"super_block_world:shy_guy":1},"minecraft:mined":{"minecraft:spruce_planks":4,"minecraft:jungle_leaves":64,"minecraft:cave_vines_plant":6,"minecraft:grass_block":6,"minecraft:jungle_log":6,"projectvibrantjourneys:sandstone_rocks":1,"minecraft:moss_block":1,"minecraft:sandstone":11,"minecraft:spawner":2,"minecraft:carrots":8,"minecraft:cobbled_deepslate":1,"minecraft:fire":7,"minecraft:barrel":1,"minecraft:cave_vines":3,"minecraft:vine":6,"minecraft:bamboo":2,"minecraft:stone":63,"trailsandtalesplus:toughen_deepslate":6,"minecraft:green_bed":1,"minecraft:jungle_trapdoor":2,"minecraft:deepslate_redstone_ore":4,"minecraft:cut_sandstone":8,"minecraft:blackstone":2,"minecraft:smooth_sandstone":1,"minecraft:crafting_table":1,"minecraft:torch":5,"minecraft:chest":1,"minecraft:cobblestone":2,"minecraft:deepslate_coal_ore":47,"minecraft:oak_planks":2,"minecraft:wall_torch":5,"minecraft:pink_petals":1,"minecraft:cactus":5,"super_block_world:toadstone_bricks":1,"minecraft:jungle_wood":5,"minecraft:mud":6,"minecraft:grass":6,"minecraft:oak_log":8,"minecraft:beetroots":1,"minecraft:gravel":4,"minecraft:sand":102,"minecraft:dirt":17,"minecraft:cobweb":15,"minecraft:mossy_stone_bricks":1,"minecraft:deepslate":20},"minecraft:custom":{"lootr:looted_stat":1,"minecraft:mob_kills":17,"minecraft:interact_with_crafting_table":18,"minecraft:open_barrel":26,"minecraft:damage_dealt_resisted":434,"minecraft:leave_game":23,"minecraft:time_since_death":11661,"minecraft:climb_one_cm":87472,"minecraft:sprint_one_cm":1467859,"minecraft:walk_one_cm":736146,"minecraft:drop":22,"minecraft:talked_to_villager":3,"minecraft:play_time":574049,"minecraft:deaths":53,"minecraft:sneak_time":3521,"minecraft:walk_under_water_one_cm":31616,"minecraft:jump":9702,"minecraft:interact_with_blast_furnace":1,"minecraft:walk_on_water_one_cm":63248,"minecraft:total_world_time":575876,"minecraft:interact_with_furnace":3,"minecraft:sleep_in_bed":15,"minecraft:time_since_rest":11766,"minecraft:damage_taken":19323,"minecraft:damage_dealt":6978,"minecraft:swim_one_cm":161198,"minecraft:fly_one_cm":2299404,"minecraft:player_kills":1,"minecraft:open_chest":164,"minecraft:crouch_one_cm":3410,"minecraft:interact_with_smoker":3,"minecraft:fall_one_cm":1996296},"minecraft:crafted":{"minecraft:cherry_planks":8,"minecraft:wooden_sword":1,"minecraft:oak_door":6,"minecraft:oak_planks":20,"sanitydim:garland":2,"quark:cherry_chest":1,"minecraft:cooked_porkchop":20,"minecraft:wooden_pickaxe":1,"minecraft:iron_helmet":1,"minecraft:iron_sword":1,"minecraft:stone_axe":1,"minecraft:iron_pickaxe":1,"minecraft:iron_ingot":3,"minecraft:torch":36},"minecraft:broken":{"sanitydim:garland":1},"minecraft:killed_by":{"minecraft:ghast":7,"minecraft:husk":2,"undead_revamp2:sucker":2,"minecraft:player":3,"undead_revamp2:the_moonflower":3,"minecraft:creeper":2,"minecraft:spider":1,"minecraft:enderman":2,"undead_revamp2:thesomnolence":1,"undead_revamp2:thespitter":1,"undead_revamp2:thehorrors":2,"undead_revamp2:thehunter":1,"undead_revamp2:therod":1,"minecraft:skeleton":7,"minecraft:zombie":3,"alexsmobs:grizzly_bear":1,"undead_revamp2:thepregnant":1,"super_block_world:shy_guy":1,"undead_revamp2:theheavy":1,"undead_revamp2:thebeartamer":2,"super_block_world:boom_boom":1,"minecraft:illusioner":1},"minecraft:used":{"minecraft:beetroot":1,"minecraft:moss_block":1,"minecraft:iron_shovel":85,"minecraft:spruce_planks":4,"minecraft:iron_sword":44,"minecraft:rotten_flesh":42,"minecraft:oak_door":4,"minecraft:torch":39,"quark:cherry_chest":1,"minecraft:dirt":21,"minecraft:carrot":42,"minecraft:jungle_trapdoor":3,"minecraft:spruce_fence":1,"super_block_world:toadstone_bricks":1,"minecraft:wooden_axe":7,"super_block_world:hammer":1,"minecraft:iron_axe":64,"minecraft:lantern":2,"minecraft:smooth_sandstone":3,"minecraft:jungle_log":4,"minecraft:iron_helmet":2,"minecraft:stone_bricks":1,"minecraft:barrel":1,"undead_revamp2:huntereye":2,"minecraft:bamboo":2,"minecraft:bow":13,"minecraft:cobbled_deepslate":33,"bygonenether:cobbled_blackstone":2,"minecraft:knowledge_book":13,"trailsandtalesplus:banana":5,"minecraft:wheat_seeds":1,"minecraft:mossy_stone_bricks":2,"minecraft:stone_pickaxe":4,"minecraft:oak_planks":2,"minecraft:wooden_pickaxe":16,"minecraft:sandstone":47,"minecraft:cut_sandstone":6,"minecraft:green_bed":1,"trailsandtalesplus:toughen_deepslate":9,"minecraft:golden_apple":1,"minecraft:glow_berries":33,"minecraft:sand":31,"minecraft:crafting_table":3,"super_block_world:yoshi_fruit":1,"minecraft:painting":1,"minecraft:apple":32,"minecraft:bread":33,"minecraft:iron_pickaxe":173,"minecraft:suspicious_stew":1,"minecraft:detector_rail":4,"minecraft:gravel":4,"minecraft:stone_axe":22,"minecraft:pink_petals":3,"minecraft:wooden_sword":48,"minecraft:cobblestone":51,"minecraft:cooked_porkchop":11,"minecraft:chain":1,"minecraft:bone_meal":2,"minecraft:candle":3}},"DataVersion":3465}