{"stats":{"minecraft:mined":{"minecraft:carrots":4,"minecraft:jungle_leaves":1,"minecraft:jungle_log":1,"minecraft:vine":1,"minecraft:crafting_table":1,"minecraft:grass":2,"minecraft:grass_block":6,"minecraft:oak_log":8,"minecraft:chest":1,"minecraft:dirt":17,"minecraft:stone":4,"minecraft:oak_planks":2,"minecraft:mossy_stone_bricks":1},"minecraft:picked_up":{"minecraft:stick":24,"minecraft:crafting_table":1,"minecraft:sandstone":38,"minecraft:copper_ingot":1,"minecraft:jungle_log":1,"minecraft:salmon":1,"minecraft:cut_sandstone":2,"projectvibrantjourneys:bark_mushroom":1,"minecraft:spyglass":1,"super_block_world:toadstone_brick_stairs":3,"super_block_world:toadstone_bricks":6,"minecraft:oak_log":9,"super_block_world:smooth_toadstone":1,"minecraft:stone_shovel":1,"minecraft:carrot":16,"super_block_world:toadstone_brick_slab":2,"minecraft:dirt":24,"minecraft:stone_bricks":2,"minecraft:rotten_flesh":21,"minecraft:apple":9,"minecraft:slime_ball":1,"minecraft:stone_pickaxe":1,"minecraft:mossy_stone_bricks":2,"minecraft:chest":1,"minecraft:oak_planks":2,"minecraft:snowball":32,"minecraft:mangrove_log":3,"minecraft:cobblestone":5},"minecraft:dropped":{"minecraft:cobblestone":1,"minecraft:apple":4},"minecraft:killed":{"undead_revamp2:the_moonflower":1},"minecraft:used":{"minecraft:mossy_stone_bricks":2,"minecraft:bread":6,"minecraft:stone_pickaxe":4,"minecraft:oak_planks":2,"minecraft:jungle_log":1,"minecraft:wooden_pickaxe":4,"minecraft:sandstone":37,"minecraft:wooden_sword":8,"minecraft:stone_axe":1,"minecraft:dirt":20,"minecraft:cobblestone":1,"minecraft:carrot":28},"minecraft:crafted":{"minecraft:wooden_sword":1,"minecraft:oak_planks":8,"minecraft:wooden_pickaxe":1},"minecraft:killed_by":{"undead_revamp2:the_moonflower":1,"minecraft:skeleton":2,"minecraft:creeper":1,"super_block_world:boom_boom":1,"undead_revamp2:thebeartamer":2,"minecraft:zombie":2},"minecraft:custom":{"minecraft:time_since_rest":22351,"minecraft:sprint_one_cm":257789,"minecraft:damage_taken":2813,"minecraft:walk_one_cm":352510,"minecraft:mob_kills":1,"minecraft:drop":2,"minecraft:damage_dealt":289,"minecraft:talked_to_villager":3,"minecraft:swim_one_cm":101252,"minecraft:interact_with_crafting_table":6,"minecraft:fly_one_cm":222796,"minecraft:open_barrel":1,"minecraft:open_chest":41,"minecraft:crouch_one_cm":1459,"minecraft:play_time":124484,"minecraft:deaths":10,"minecraft:sneak_time":755,"minecraft:walk_under_water_one_cm":9393,"minecraft:jump":2258,"minecraft:leave_game":9,"minecraft:time_since_death":22321,"minecraft:walk_on_water_one_cm":32555,"minecraft:total_world_time":126311,"minecraft:climb_one_cm":12136,"minecraft:fall_one_cm":127293}},"DataVersion":3465}