{"stats":{"minecraft:custom":{"minecraft:mob_kills":13,"minecraft:interact_with_crafting_table":9,"minecraft:open_barrel":16,"minecraft:damage_dealt_resisted":434,"minecraft:leave_game":17,"minecraft:time_since_death":845,"minecraft:climb_one_cm":66669,"minecraft:sprint_one_cm":977729,"minecraft:walk_one_cm":591712,"minecraft:drop":12,"minecraft:talked_to_villager":3,"minecraft:play_time":403984,"minecraft:deaths":38,"minecraft:sneak_time":1872,"minecraft:walk_under_water_one_cm":28078,"minecraft:jump":7248,"minecraft:interact_with_blast_furnace":1,"minecraft:walk_on_water_one_cm":48517,"minecraft:total_world_time":405811,"minecraft:interact_with_furnace":2,"minecraft:sleep_in_bed":9,"minecraft:time_since_rest":901,"minecraft:damage_taken":14423,"minecraft:damage_dealt":5794,"minecraft:swim_one_cm":147430,"minecraft:player_kills":1,"minecraft:fly_one_cm":1478756,"minecraft:open_chest":111,"minecraft:crouch_one_cm":3064,"minecraft:interact_with_smoker":3,"minecraft:fall_one_cm":1433058},"minecraft:used":{"minecraft:moss_block":1,"minecraft:iron_shovel":85,"minecraft:iron_sword":8,"minecraft:rotten_flesh":27,"minecraft:oak_door":4,"minecraft:torch":16,"minecraft:dirt":21,"minecraft:carrot":28,"minecraft:jungle_trapdoor":3,"super_block_world:toadstone_bricks":1,"minecraft:wooden_axe":7,"super_block_world:hammer":1,"minecraft:lantern":2,"minecraft:iron_axe":64,"minecraft:smooth_sandstone":1,"minecraft:jungle_log":1,"minecraft:iron_helmet":2,"minecraft:barrel":1,"minecraft:stone_bricks":1,"minecraft:bamboo":1,"minecraft:bow":13,"minecraft:cobbled_deepslate":24,"minecraft:mossy_stone_bricks":2,"minecraft:stone_pickaxe":4,"minecraft:oak_planks":2,"minecraft:wooden_pickaxe":16,"minecraft:sandstone":46,"minecraft:cut_sandstone":5,"trailsandtalesplus:toughen_deepslate":7,"minecraft:green_bed":1,"minecraft:glow_berries":20,"minecraft:sand":31,"minecraft:crafting_table":1,"super_block_world:yoshi_fruit":1,"minecraft:painting":1,"minecraft:apple":22,"minecraft:bread":31,"minecraft:suspicious_stew":1,"minecraft:iron_pickaxe":114,"minecraft:gravel":4,"minecraft:stone_axe":2,"minecraft:pink_petals":3,"minecraft:wooden_sword":48,"minecraft:cobblestone":51,"minecraft:cooked_porkchop":11,"minecraft:chain":1,"minecraft:candle":3},"minecraft:picked_up":{"minecraft:mud":6,"minecraft:charcoal":6,"minecraft:crafting_table":2,"minecraft:suspicious_stew":1,"minecraft:chain":1,"minecraft:cornflower":1,"minecraft:jungle_trapdoor":10,"minecraft:wooden_sword":2,"minecraft:iron_shovel":1,"minecraft:cobbled_deepslate":24,"minecraft:gold_nugget":5,"minecraft:azalea":1,"minecraft:jungle_sapling":2,"minecraft:chest":1,"minecraft:mangrove_log":3,"super_block_world:subcon_thread":1,"minecraft:stick":28,"minecraft:sandstone":59,"minecraft:copper_ingot":1,"projectvibrantjourneys:bark_mushroom":3,"minecraft:torch":3,"minecraft:green_bed":1,"minecraft:porkchop":8,"minecraft:polished_blackstone_bricks":4,"super_block_world:toadstone_brick_stairs":6,"minecraft:diorite":3,"minecraft:carrot":16,"minecraft:redstone":18,"minecraft:cactus":2,"minecraft:arrow":10,"minecraft:rotten_flesh":48,"minecraft:stone_shovel":1,"alexsmobs:emu_egg":1,"supplementaries:ash":1,"minecraft:glow_berries":8,"minecraft:snowball":32,"minecraft:cobblestone":87,"minecraft:pink_petals":3,"trailsandtalesplus:voidum":1,"minecraft:jungle_log":1,"minecraft:salmon":1,"minecraft:leather":5,"minecraft:cut_sandstone":17,"minecraft:jungle_wood":5,"unusualfishmod:raw_spindlefish":1,"minecraft:oak_log":23,"super_block_world:raw_bronze":1,"minecraft:chainmail_chestplate":1,"undead_revamp2:huntereye":2,"minecraft:dirt":26,"super_block_world:power_star":2,"super_block_world:smooth_toadstone":1,"super_block_world:toadstone_brick_slab":4,"minecraft:smooth_sandstone":1,"minecraft:bone":3,"minecraft:apple":9,"minecraft:stone_bricks":3,"minecraft:bow":1,"trailsandtalesplus:banana":10,"minecraft:rabbit_hide":2,"minecraft:iron_ingot":16,"minecraft:stone_pickaxe":1,"minecraft:stripped_oak_wood":6,"minecraft:mossy_stone_bricks":2,"minecraft:rabbit":2,"minecraft:bamboo":11,"minecraft:moss_block":1,"minecraft:oak_planks":8,"projectvibrantjourneys:light_brown_bark_mushroom":1,"minecraft:cooked_porkchop":11,"minecraft:sweet_berries":7,"minecraft:chiseled_stone_bricks":4,"trailsandtalesplus:toughen_deepslate":7,"minecraft:spyglass":1,"minecraft:gravel":4,"super_block_world:toadstone_bricks":16,"minecraft:sand":159,"minecraft:barrel":1,"undead_revamp2:heavytooth":3,"undead_revamp2:rawbostrox":4,"minecraft:slime_ball":5,"minecraft:painting":1,"minecraft:bone_meal":1,"minecraft:golden_apple":1,"minecraft:coal":4},"minecraft:dropped":{"minecraft:oak_log":7,"minecraft:cobblestone":1,"minecraft:apple":4,"minecraft:copper_ingot":1,"minecraft:wooden_sword":1,"projectvibrantjourneys:bark_mushroom":3,"minecraft:oak_planks":3,"super_block_world:smooth_toadstone":1,"undead_revamp2:heavytooth":1,"minecraft:painting":1},"minecraft:crafted":{"minecraft:wooden_sword":1,"minecraft:oak_door":6,"minecraft:oak_planks":20,"minecraft:cooked_porkchop":20,"minecraft:iron_helmet":1,"minecraft:wooden_pickaxe":1,"minecraft:iron_sword":1,"minecraft:stone_axe":1,"minecraft:iron_ingot":3,"minecraft:iron_pickaxe":1,"minecraft:torch":16},"minecraft:mined":{"minecraft:jungle_leaves":62,"minecraft:cave_vines_plant":2,"minecraft:grass_block":6,"minecraft:jungle_log":1,"projectvibrantjourneys:sandstone_rocks":1,"minecraft:moss_block":1,"minecraft:sandstone":9,"minecraft:carrots":4,"minecraft:cobbled_deepslate":1,"minecraft:barrel":1,"minecraft:fire":6,"minecraft:cave_vines":2,"minecraft:vine":4,"minecraft:bamboo":1,"minecraft:stone":63,"trailsandtalesplus:toughen_deepslate":6,"minecraft:green_bed":1,"minecraft:jungle_trapdoor":1,"minecraft:deepslate_redstone_ore":4,"minecraft:cut_sandstone":8,"minecraft:smooth_sandstone":1,"minecraft:crafting_table":1,"minecraft:torch":1,"minecraft:chest":1,"minecraft:cobblestone":2,"minecraft:oak_planks":2,"minecraft:wall_torch":2,"minecraft:pink_petals":1,"super_block_world:toadstone_bricks":1,"minecraft:jungle_wood":5,"minecraft:mud":6,"minecraft:grass":3,"minecraft:oak_log":8,"minecraft:gravel":4,"minecraft:sand":102,"minecraft:dirt":17,"minecraft:mossy_stone_bricks":1,"minecraft:deepslate":16},"minecraft:killed":{"undead_revamp2:thehunter":1,"undead_revamp2:theimmortal":1,"minecraft:spider":1,"plenty_of_golems:obsidian_golem":1,"alexsmobs:guster":3,"undead_revamp2:the_moonflower":2,"undead_revamp2:theheavy":2,"super_block_world:shy_guy":1},"minecraft:killed_by":{"minecraft:ghast":7,"minecraft:husk":2,"minecraft:player":2,"undead_revamp2:sucker":1,"undead_revamp2:the_moonflower":2,"minecraft:creeper":2,"minecraft:spider":1,"minecraft:enderman":2,"undead_revamp2:thehorrors":1,"undead_revamp2:therod":1,"minecraft:skeleton":5,"minecraft:zombie":2,"alexsmobs:grizzly_bear":1,"undead_revamp2:thepregnant":1,"undead_revamp2:theheavy":1,"super_block_world:boom_boom":1,"undead_revamp2:thebeartamer":2}},"DataVersion":3465}