{"stats":{"minecraft:killed_by":{"minecraft:player":1},"minecraft:mined":{"minecraft:carrots":1,"lootr:lootr_chest":1,"minecraft:grass":1,"minecraft:oak_log":2,"minecraft:tall_grass":1,"minecraft:stone":8},"minecraft:dropped":{"minecraft:painting":4},"minecraft:used":{"minecraft:apple":2,"minecraft:chest":1,"minecraft:wooden_pickaxe":8,"minecraft:leather_boots":1,"minecraft:barrel":2,"minecraft:rotten_flesh":1,"projectvibrantjourneys:orange_bark_mushroom":2,"minecraft:lime_bed":2,"minecraft:andesite_stairs":1,"minecraft:spruce_stairs":1,"minecraft:carrot":5,"minecraft:black_candle":1,"minecraft:cooked_beef":5,"minecraft:painting":4,"minecraft:obsidian":4},"minecraft:picked_up":{"minecraft:black_candle":1,"minecraft:spruce_stairs":1,"minecraft:oak_log":2,"minecraft:carrot":4,"minecraft:pufferfish":1,"minecraft:rotten_flesh":4,"minecraft:andesite_stairs":1,"minecraft:painting":4,"projectvibrantjourneys:orange_bark_mushroom":2,"minecraft:chest":1,"minecraft:cobblestone":8},"minecraft:crafted":{"minecraft:oak_planks":8,"minecraft:wooden_pickaxe":1,"minecraft:stone_sword":1},"minecraft:custom":{"minecraft:time_since_rest":24362,"minecraft:sprint_one_cm":138341,"lootr:looted_stat":9,"minecraft:damage_taken":864,"minecraft:walk_one_cm":51536,"minecraft:drop":1,"minecraft:damage_dealt":124,"minecraft:swim_one_cm":626,"minecraft:interact_with_crafting_table":2,"minecraft:fly_one_cm":419785,"minecraft:open_barrel":1,"minecraft:open_chest":4,"minecraft:crouch_one_cm":11,"minecraft:play_time":65671,"minecraft:deaths":1,"minecraft:sneak_time":1332,"minecraft:walk_under_water_one_cm":325,"minecraft:jump":249,"minecraft:eat_cake_slice":4,"minecraft:leave_game":3,"minecraft:time_since_death":24323,"minecraft:walk_on_water_one_cm":3357,"minecraft:total_world_time":65671,"minecraft:sleep_in_bed":3,"minecraft:climb_one_cm":1288,"minecraft:fall_one_cm":14481}},"DataVersion":3465}