{"stats":{"minecraft:custom":{"minecraft:jump":24,"minecraft:time_since_rest":24897,"minecraft:leave_game":1,"minecraft:walk_on_water_one_cm":409,"minecraft:sprint_one_cm":13235,"minecraft:play_time":24897,"minecraft:damage_taken":80,"minecraft:time_since_death":24897,"minecraft:walk_one_cm":2393,"minecraft:sneak_time":1070,"minecraft:climb_one_cm":62,"minecraft:total_world_time":24897,"minecraft:walk_under_water_one_cm":233,"minecraft:swim_one_cm":626,"minecraft:fall_one_cm":3365,"minecraft:fly_one_cm":370947}},"DataVersion":3465}