{"stats":{"minecraft:used":{"minecraft:dirt":2},"minecraft:custom":{"minecraft:jump":77,"minecraft:time_since_rest":1452,"minecraft:deaths":2,"minecraft:damage_dealt":256,"minecraft:crouch_one_cm":1,"minecraft:leave_game":3,"minecraft:play_time":10392,"minecraft:sprint_one_cm":14577,"minecraft:damage_taken":582,"minecraft:time_since_death":1406,"minecraft:walk_one_cm":12007,"minecraft:sneak_time":45,"minecraft:total_world_time":10392,"minecraft:mob_kills":2,"minecraft:fall_one_cm":1109,"minecraft:fly_one_cm":6699},"minecraft:mined":{"minecraft:grass_block":3},"minecraft:killed_by":{"minecraft:player":1,"minecraft:spider":1},"minecraft:picked_up":{"minecraft:oak_sapling":2,"minecraft:dirt":3}},"DataVersion":3465}