{"stats":{"minecraft:crafted":{"minecraft:cherry_planks":8,"minecraft:wooden_sword":1,"minecraft:oak_door":6,"minecraft:oak_planks":28,"minecraft:bone_meal":15,"sanitydim:garland":2,"quark:cherry_chest":1,"minecraft:iron_boots":1,"minecraft:golden_boots":1,"minecraft:cooked_porkchop":20,"minecraft:wooden_pickaxe":1,"minecraft:iron_helmet":1,"minecraft:iron_sword":1,"minecraft:stone_axe":1,"minecraft:stick":4,"quark:oak_chest":1,"minecraft:iron_pickaxe":1,"minecraft:iron_ingot":4,"minecraft:iron_leggings":1,"minecraft:torch":56},"minecraft:picked_up":{"minecraft:mud":7,"minecraft:charcoal":6,"minecraft:crafting_table":2,"minecraft:suspicious_stew":1,"friendsandfoes:totem_of_illusion":1,"minecraft:chain":1,"minecraft:cornflower":1,"minecraft:iron_axe":1,"minecraft:jungle_trapdoor":11,"minecraft:string":18,"minecraft:moss_carpet":5,"minecraft:wooden_sword":2,"minecraft:iron_shovel":2,"minecraft:beetroot":1,"minecraft:gold_nugget":5,"minecraft:cobbled_deepslate":35,"minecraft:spruce_planks":4,"minecraft:azalea":7,"minecraft:jungle_sapling":5,"good_nights_sleep:cyan_flower":1,"minecraft:chest":1,"minecraft:mangrove_log":3,"super_block_world:subcon_thread":1,"minecraft:stick":37,"minecraft:sandstone":102,"bygonenether:cobbled_blackstone":7,"projectvibrantjourneys:bark_mushroom":3,"minecraft:copper_ingot":3,"minecraft:torch":11,"minecraft:green_bed":1,"minecraft:spruce_fence":1,"minecraft:porkchop":8,"minecraft:polished_blackstone_bricks":4,"super_block_world:toadstone_brick_stairs":6,"minecraft:cherry_log":5,"minecraft:diorite":3,"minecraft:carrot":28,"minecraft:redstone":18,"minecraft:brown_carpet":6,"minecraft:stone_shovel":1,"minecraft:cactus":13,"minecraft:arrow":12,"minecraft:rotten_flesh":76,"minecraft:beetroot_seeds":1,"minecraft:sandstone_stairs":11,"alexsmobs:emu_egg":1,"minecraft:gold_ingot":4,"supplementaries:ash":3,"minecraft:glow_berries":17,"minecraft:snowball":32,"minecraft:cobblestone":87,"minecraft:pink_petals":3,"trailsandtalesplus:voidum":1,"minecraft:salmon":1,"minecraft:jungle_log":4,"minecraft:cut_sandstone":61,"minecraft:leather":5,"minecraft:jungle_wood":5,"unusualfishmod:raw_spindlefish":1,"paraglider:spirit_orb":4,"super_block_world:raw_bronze":1,"minecraft:oak_log":23,"minecraft:chainmail_chestplate":2,"undead_revamp2:huntereye":3,"super_block_world:shy_guy_mask":3,"minecraft:gunpowder":2,"minecraft:dirt":27,"super_block_world:power_star":2,"super_block_world:smooth_toadstone":1,"super_block_world:toadstone_brick_slab":4,"minecraft:smooth_sandstone":3,"minecraft:bone":6,"minecraft:apple":9,"minecraft:stone_bricks":3,"minecraft:bow":1,"trailsandtalesplus:banana":14,"minecraft:wheat_seeds":1,"minecraft:rabbit_hide":2,"minecraft:iron_ingot":16,"minecraft:stone_pickaxe":1,"minecraft:stripped_oak_wood":6,"minecraft:mossy_stone_bricks":2,"minecraft:rabbit":2,"minecraft:glass_bottle":1,"minecraft:bamboo":20,"minecraft:moss_block":5,"minecraft:iron_sword":2,"minecraft:oak_planks":8,"projectvibrantjourneys:light_brown_bark_mushroom":1,"minecraft:cooked_porkchop":11,"minecraft:sweet_berries":7,"minecraft:chiseled_stone_bricks":4,"trailsandtalesplus:toughen_deepslate":9,"minecraft:spyglass":1,"minecraft:gravel":13,"minecraft:sand":219,"super_block_world:toadstone_bricks":16,"minecraft:chiseled_sandstone":10,"minecraft:barrel":1,"undead_revamp2:heavytooth":3,"undead_revamp2:rawbostrox":4,"minecraft:slime_ball":5,"the_rise_of_kirby:kirbook":4,"undead_revamp2:beespheromones":1,"minecraft:painting":1,"minecraft:bone_meal":2,"minecraft:cherry_sapling":2,"minecraft:golden_apple":1,"minecraft:chainmail_helmet":1,"minecraft:coal":52},"minecraft:mined":{"minecraft:spruce_planks":4,"minecraft:jungle_leaves":64,"minecraft:cave_vines_plant":6,"minecraft:grass_block":6,"minecraft:jungle_log":6,"projectvibrantjourneys:sandstone_rocks":1,"minecraft:moss_block":5,"minecraft:sandstone":11,"minecraft:spawner":2,"minecraft:carrots":8,"minecraft:cobbled_deepslate":3,"minecraft:barrel":1,"minecraft:fire":23,"minecraft:moss_carpet":2,"minecraft:cave_vines":3,"minecraft:vine":6,"minecraft:bamboo":2,"minecraft:stone":63,"trailsandtalesplus:toughen_deepslate":6,"minecraft:green_bed":1,"minecraft:jungle_trapdoor":2,"minecraft:deepslate_redstone_ore":4,"minecraft:cut_sandstone":9,"minecraft:blackstone":2,"minecraft:brown_carpet":1,"minecraft:smooth_sandstone":1,"minecraft:crafting_table":1,"minecraft:torch":7,"minecraft:chest":1,"minecraft:cobblestone":2,"minecraft:deepslate_coal_ore":47,"minecraft:oak_planks":2,"minecraft:wall_torch":5,"minecraft:pink_petals":1,"minecraft:cactus":5,"super_block_world:toadstone_bricks":1,"minecraft:jungle_wood":5,"minecraft:mud":7,"minecraft:grass":6,"minecraft:oak_log":8,"minecraft:beetroots":1,"minecraft:gravel":9,"minecraft:sand":118,"minecraft:dirt":18,"minecraft:cobweb":16,"minecraft:mossy_stone_bricks":1,"minecraft:deepslate":20},"minecraft:custom":{"lootr:looted_stat":4,"minecraft:mob_kills":23,"minecraft:interact_with_crafting_table":23,"minecraft:open_barrel":30,"minecraft:damage_dealt_resisted":434,"minecraft:leave_game":43,"minecraft:time_since_death":2196,"minecraft:damage_resisted":34,"minecraft:climb_one_cm":97247,"minecraft:sprint_one_cm":1732733,"minecraft:walk_one_cm":856660,"minecraft:drop":24,"minecraft:talked_to_villager":6,"minecraft:play_time":722539,"minecraft:deaths":72,"minecraft:sneak_time":4926,"minecraft:walk_under_water_one_cm":34448,"minecraft:jump":11159,"minecraft:interact_with_blast_furnace":1,"minecraft:walk_on_water_one_cm":68558,"minecraft:total_world_time":724366,"minecraft:interact_with_furnace":3,"minecraft:sleep_in_bed":17,"minecraft:time_since_rest":2213,"minecraft:damage_taken":25499,"minecraft:damage_dealt":9415,"minecraft:swim_one_cm":162697,"minecraft:fly_one_cm":2836114,"minecraft:player_kills":1,"minecraft:open_chest":232,"minecraft:crouch_one_cm":3467,"minecraft:interact_with_smoker":3,"minecraft:fall_one_cm":2245723},"minecraft:killed":{"undead_revamp2:thehunter":1,"undead_revamp2:theimmortal":2,"undead_revamp2:thegliter":1,"minecraft:spider":1,"minecraft:skeleton":1,"plenty_of_golems:obsidian_golem":1,"undead_revamp2:sucker":2,"minecraft:husk":1,"alexsmobs:guster":3,"undead_revamp2:the_moonflower":4,"undead_revamp2:theheavy":2,"super_block_world:shy_guy":1},"minecraft:broken":{"sanitydim:garland":1},"minecraft:dropped":{"minecraft:oak_log":7,"minecraft:knowledge_book":1,"minecraft:cobblestone":1,"minecraft:apple":4,"minecraft:copper_ingot":1,"friendsandfoes:totem_of_illusion":1,"minecraft:stick":1,"minecraft:wooden_sword":1,"projectvibrantjourneys:bark_mushroom":3,"minecraft:gravel":2,"good_nights_sleep:cyan_flower":1,"minecraft:rotten_flesh":13,"super_block_world:shy_guy_mask":2,"minecraft:oak_planks":3,"minecraft:name_tag":1,"minecraft:jungle_trapdoor":1,"super_block_world:smooth_toadstone":1,"undead_revamp2:heavytooth":1,"minecraft:beetroot_seeds":1,"sanitydim:garland":1,"minecraft:painting":1},"minecraft:used":{"minecraft:beetroot":1,"minecraft:moss_block":4,"minecraft:moss_carpet":3,"minecraft:iron_shovel":85,"minecraft:spruce_planks":4,"minecraft:iron_sword":97,"minecraft:rotten_flesh":42,"minecraft:oak_door":4,"minecraft:torch":45,"quark:cherry_chest":1,"minecraft:dirt":32,"minecraft:carrot":42,"minecraft:jungle_trapdoor":3,"minecraft:spruce_fence":1,"super_block_world:toadstone_bricks":1,"minecraft:wooden_axe":7,"super_block_world:hammer":1,"minecraft:villager_spawn_egg":10,"minecraft:iron_axe":69,"minecraft:lantern":2,"minecraft:smooth_sandstone":3,"minecraft:jungle_log":4,"minecraft:iron_helmet":3,"minecraft:iron_boots":1,"minecraft:stone_bricks":1,"minecraft:barrel":1,"undead_revamp2:huntereye":2,"minecraft:bamboo":2,"minecraft:tripwire_hook":1,"minecraft:brown_carpet":6,"minecraft:bow":13,"minecraft:cobbled_deepslate":35,"bygonenether:cobbled_blackstone":2,"minecraft:iron_leggings":1,"minecraft:knowledge_book":29,"trailsandtalesplus:banana":19,"minecraft:wheat_seeds":1,"minecraft:mossy_stone_bricks":2,"minecraft:stone_pickaxe":4,"minecraft:oak_planks":2,"minecraft:wooden_pickaxe":16,"minecraft:sandstone":47,"minecraft:cut_sandstone":18,"minecraft:composter":2,"minecraft:green_bed":1,"trailsandtalesplus:toughen_deepslate":9,"minecraft:golden_apple":1,"minecraft:glow_berries":33,"minecraft:sand":32,"minecraft:crafting_table":3,"minecraft:red_bed":17,"super_block_world:yoshi_fruit":1,"minecraft:painting":1,"minecraft:mud":7,"minecraft:apple":32,"minecraft:bread":33,"minecraft:iron_pickaxe":177,"minecraft:suspicious_stew":1,"minecraft:detector_rail":4,"minecraft:gravel":11,"minecraft:stone_axe":30,"minecraft:pink_petals":3,"minecraft:wooden_sword":48,"minecraft:cobblestone":51,"minecraft:potion":1,"minecraft:cooked_porkchop":11,"minecraft:chain":1,"quark:oak_chest":1,"minecraft:splash_potion":37,"minecraft:bone_meal":9,"minecraft:candle":3},"minecraft:killed_by":{"minecraft:ghast":7,"minecraft:husk":2,"undead_revamp2:sucker":4,"minecraft:player":7,"undead_revamp2:the_moonflower":6,"minecraft:creeper":2,"minecraft:spider":1,"minecraft:pillager":2,"minecraft:enderman":2,"undead_revamp2:thesomnolence":1,"sanitydim:rotting_stalker":2,"undead_revamp2:thespitter":1,"undead_revamp2:thehorrors":2,"undead_revamp2:thehunter":1,"minecraft:vindicator":3,"undead_revamp2:therod":1,"minecraft:skeleton":8,"minecraft:zombie":4,"alexsmobs:grizzly_bear":1,"undead_revamp2:thepregnant":1,"super_block_world:shy_guy":1,"undead_revamp2:theheavy":1,"undead_revamp2:thebeartamer":2,"super_block_world:boom_boom":1,"minecraft:illusioner":1}},"DataVersion":3465}