{"stats":{"minecraft:mined":{"minecraft:carrots":1},"minecraft:picked_up":{"minecraft:spruce_stairs":1,"minecraft:carrot":4},"minecraft:used":{"minecraft:lime_bed":2,"minecraft:carrot":5,"minecraft:cooked_beef":2},"minecraft:custom":{"minecraft:time_since_rest":2051,"minecraft:crouch_one_cm":11,"minecraft:play_time":36148,"lootr:looted_stat":6,"minecraft:sprint_one_cm":62632,"minecraft:damage_taken":272,"minecraft:walk_one_cm":20550,"minecraft:sneak_time":1112,"minecraft:walk_under_water_one_cm":325,"minecraft:jump":121,"minecraft:leave_game":2,"minecraft:walk_on_water_one_cm":3357,"minecraft:time_since_death":36148,"minecraft:sleep_in_bed":3,"minecraft:climb_one_cm":1288,"minecraft:total_world_time":36148,"minecraft:swim_one_cm":626,"minecraft:fall_one_cm":7281,"minecraft:fly_one_cm":403347}},"DataVersion":3465}