{
  "plenty_of_golems:not_enough_golem_ad": {
    "criteria": {
      "not_enough_golem_ad": "2024-07-11 03:07:54 +0000"
    },
    "done": true
  },
  "idas:idas_root": {
    "criteria": {
      "always": "2024-07-11 03:07:55 +0000"
    },
    "done": true
  },
  "player_companions:grant_book_on_first_join": {
    "criteria": {
      "tick": "2024-07-11 03:07:55 +0000"
    },
    "done": true
  },
  "undead_revamp2:theundeadchallenges": {
    "criteria": {
      "theundeadchallenges": "2024-07-11 03:07:55 +0000"
    },
    "done": true
  },
  "friendsandfoes:misc/yellow_dye_from_buttercup": {
    "criteria": {
      "has_the_recipe": "2024-07-11 03:07:54 +0000"
    },
    "done": true
  },
  "create:root": {
    "criteria": {
      "0": "2024-07-11 03:07:54 +0000"
    },
    "done": true
  },
  "1_splatus:ultris/root": {
    "criteria": {
      "c1": "2024-07-11 03:07:55 +0000"
    },
    "done": true
  },
  "lootr:root": {
    "criteria": {
      "always_true": "2024-07-11 03:07:55 +0000"
    },
    "done": true
  },
  "minecraft:adventure/adventuring_time": {
    "criteria": {
      "minecraft:swamp": "2024-07-11 03:07:56 +0000"
    },
    "done": false
  },
  "DataVersion": 3465
}