{
  "undead_revamp2:theundeadchallenges": {
    "criteria": {
      "theundeadchallenges": "2024-06-03 05:38:48 +0000"
    },
    "done": true
  },
  "stellarity:cursed_tome/root": {
    "criteria": {
      "requirement": "2024-06-03 05:38:48 +0000"
    },
    "done": true
  },
  "1_splatus:ultris/root": {
    "criteria": {
      "c1": "2024-06-03 05:38:48 +0000"
    },
    "done": true
  },
  "stellarity:dragons_den/cursed_tome/root": {
    "criteria": {
      "requirement": "2024-06-03 05:38:48 +0000"
    },
    "done": true
  },
  "global:aeldrion": {
    "criteria": {
      "trigger": "2024-06-03 05:38:48 +0000"
    },
    "done": true
  },
  "bob:bob": {
    "criteria": {
      "trigger": "2024-06-03 05:38:48 +0000"
    },
    "done": true
  },
  "global:root": {
    "criteria": {
      "trigger": "2024-06-03 05:38:48 +0000"
    },
    "done": true
  },
  "plenty_of_golems:not_enough_golem_ad": {
    "criteria": {
      "not_enough_golem_ad": "2024-06-03 05:38:48 +0000"
    },
    "done": true
  },
  "player_companions:grant_book_on_first_join": {
    "criteria": {
      "tick": "2024-06-03 05:38:48 +0000"
    },
    "done": true
  },
  "minecraft:adventure/adventuring_time": {
    "criteria": {
      "minecraft:snowy_slopes": "2024-06-03 05:40:43 +0000",
      "minecraft:wooded_badlands": "2024-06-09 05:22:01 +0000",
      "minecraft:badlands": "2024-06-09 05:19:45 +0000",
      "minecraft:beach": "2024-06-04 02:48:00 +0000",
      "minecraft:sparse_jungle": "2024-06-03 23:46:32 +0000",
      "minecraft:river": "2024-06-03 06:07:05 +0000",
      "minecraft:lukewarm_ocean": "2024-07-06 03:17:49 +0000",
      "minecraft:forest": "2024-06-03 05:53:52 +0000",
      "minecraft:lush_caves": "2024-06-09 23:11:52 +0000",
      "minecraft:desert": "2024-06-04 02:48:38 +0000",
      "minecraft:jungle": "2024-06-03 06:14:13 +0000",
      "minecraft:warm_ocean": "2024-06-09 06:00:28 +0000",
      "minecraft:frozen_peaks": "2024-06-03 05:38:49 +0000",
      "minecraft:savanna": "2024-06-03 06:08:41 +0000",
      "minecraft:plains": "2024-06-03 06:08:16 +0000"
    },
    "done": false
  },
  "alexsmobs:alexsmobs/root": {
    "criteria": {
      "useitem": "2024-06-03 05:42:35 +0000"
    },
    "done": true
  },
  "minecraft:husbandry/root": {
    "criteria": {
      "consumed_item": "2024-06-03 05:42:35 +0000"
    },
    "done": true
  },
  "stellarity:events/on_death": {
    "criteria": {
      "requirement": "2024-06-03 05:53:24 +0000"
    },
    "done": true
  },
  "minecraft:adventure/root": {
    "criteria": {
      "killed_by_something": "2024-06-03 05:53:24 +0000"
    },
    "done": true
  },
  "vanillacookbook:recipes/seeds": {
    "criteria": {
      "has_seeds": "2024-06-03 05:56:40 +0000"
    },
    "done": true
  },
  "vanillacookbook:recipes/apple": {
    "criteria": {
      "has_apple": "2024-06-03 06:00:42 +0000"
    },
    "done": true
  },
  "paraglider:root": {
    "criteria": {
      "crafting_table": "2024-06-03 06:02:14 +0000"
    },
    "done": true
  },
  "player_companions:crafting/root": {
    "criteria": {
      "crafting_table": "2024-06-03 06:02:14 +0000"
    },
    "done": true
  },
  "player_companions:crafting/craft_lead": {
    "criteria": {
      "crafting_table": "2024-06-03 06:02:14 +0000"
    },
    "done": true
  },
  "minecraft:story/root": {
    "criteria": {
      "crafting_table": "2024-06-03 06:02:14 +0000"
    },
    "done": true
  },
  "minecraft:story/mine_stone": {
    "criteria": {
      "get_stone": "2024-06-03 06:02:50 +0000"
    },
    "done": true
  },
  "minecraft:story/upgrade_tools": {
    "criteria": {
      "stone_pickaxe": "2024-06-03 06:03:31 +0000"
    },
    "done": true
  },
  "vanillacookbook:recipes/raw_meat": {
    "criteria": {
      "has_raw_meats": "2024-06-03 06:08:26 +0000"
    },
    "done": true
  },
  "vanillacookbook:recipes/porkchop": {
    "criteria": {
      "has_porkchop": "2024-06-03 06:08:26 +0000"
    },
    "done": true
  },
  "vanillacookbook:recipes/wheat": {
    "criteria": {
      "has_wheat": "2024-06-03 06:08:39 +0000"
    },
    "done": true
  },
  "vanillacookbook:recipes/bread": {
    "criteria": {
      "has_bread": "2024-06-03 06:09:17 +0000"
    },
    "done": true
  },
  "vanillacookbook:recipes/bone": {
    "criteria": {
      "has_bone": "2024-06-03 06:09:24 +0000"
    },
    "done": true
  },
  "vanillacookbook:recipes/gunpowder": {
    "criteria": {
      "has_gunpowder": "2024-06-03 06:11:29 +0000"
    },
    "done": true
  },
  "minecraft:husbandry/balanced_diet": {
    "criteria": {
      "cooked_porkchop": "2024-06-03 06:17:06 +0000",
      "cooked_beef": "2024-06-09 22:27:23 +0000",
      "baked_potato": "2024-06-04 03:03:18 +0000",
      "bread": "2024-06-03 06:13:17 +0000",
      "melon_slice": "2024-06-09 22:50:55 +0000"
    },
    "done": false
  },
  "dnl:story/structures/railway_outpost/locate": {
    "criteria": {
      "locate_railway_outpost": "2024-06-03 06:13:49 +0000"
    },
    "done": true
  },
  "dnl:story/general/locate_dungeon": {
    "criteria": {
      "locate_railway_outpost": "2024-06-03 06:13:49 +0000"
    },
    "done": true
  },
  "dnl:story/themes/illager/locate": {
    "criteria": {
      "locate_railway_outpost": "2024-06-03 06:13:49 +0000"
    },
    "done": true
  },
  "vanillacookbook:recipes/baked_potato": {
    "criteria": {
      "has_baked_potato": "2024-06-03 23:47:23 +0000"
    },
    "done": true
  },
  "immersive_aircraft:misc/aircraftery": {
    "criteria": {
      "has_item": "2024-06-03 23:48:36 +0000"
    },
    "done": true
  },
  "minecraft:story/smelt_iron": {
    "criteria": {
      "iron": "2024-06-03 23:48:36 +0000"
    },
    "done": true
  },
  "vanillacookbook:recipes/poppy": {
    "criteria": {
      "has_poppy": "2024-06-04 02:40:49 +0000"
    },
    "done": true
  },
  "vanillacookbook:recipes/berry": {
    "criteria": {
      "has_berry": "2024-06-04 02:41:46 +0000"
    },
    "done": true
  },
  "vanillacookbook:recipes/paper": {
    "criteria": {
      "has_paper": "2024-06-04 02:42:25 +0000"
    },
    "done": true
  },
  "vanillacookbook:recipes/poisonous_pie": {
    "criteria": {
      "has_rotten_flesh": "2024-06-04 02:42:44 +0000"
    },
    "done": true
  },
  "super_block_world:mushroom_kingdom/root": {
    "criteria": {
      "has_power_star": "2024-06-04 02:56:25 +0000"
    },
    "done": true
  },
  "minecraft:adventure/kill_all_mobs": {
    "criteria": {
      "minecraft:skeleton": "2024-06-09 05:54:36 +0000",
      "minecraft:vindicator": "2024-06-09 05:54:23 +0000",
      "minecraft:spider": "2024-06-09 05:24:16 +0000",
      "minecraft:creeper": "2024-06-09 22:11:24 +0000",
      "minecraft:husk": "2024-06-04 03:02:27 +0000",
      "minecraft:cave_spider": "2024-06-13 02:33:45 +0000",
      "minecraft:enderman": "2024-06-09 22:01:28 +0000",
      "minecraft:zombie": "2024-06-13 02:32:07 +0000"
    },
    "done": false
  },
  "minecraft:adventure/kill_a_mob": {
    "criteria": {
      "minecraft:husk": "2024-06-04 03:02:27 +0000"
    },
    "done": true
  },
  "minecraft:story/iron_tools": {
    "criteria": {
      "iron_pickaxe": "2024-06-04 03:05:26 +0000"
    },
    "done": true
  },
  "alexsmobs:alexsmobs/kangaroo": {
    "criteria": {
      "killed_by": "2024-06-09 05:20:00 +0000"
    },
    "done": true
  },
  "alexsmobs:alexsmobs/rattlesnake": {
    "criteria": {
      "killed": "2024-06-09 05:38:11 +0000"
    },
    "done": true
  },
  "minecraft:adventure/sleep_in_bed": {
    "criteria": {
      "slept_in_bed": "2024-06-09 05:43:59 +0000"
    },
    "done": true
  },
  "minecraft:husbandry/tame_an_animal": {
    "criteria": {
      "tamed_animal": "2024-06-09 05:49:33 +0000"
    },
    "done": true
  },
  "plenty_of_golems:an_obsidian_tower": {
    "criteria": {
      "an_obsidian_tower": "2024-06-09 05:49:33 +0000"
    },
    "done": true
  },
  "alexsmobs:alexsmobs/guster": {
    "criteria": {
      "killed_by": "2024-06-09 05:56:56 +0000"
    },
    "done": true
  },
  "minecraft:story/mine_diamond": {
    "criteria": {
      "diamond": "2024-06-09 05:58:56 +0000"
    },
    "done": true
  },
  "minecraft:story/form_obsidian": {
    "criteria": {
      "obsidian": "2024-06-09 05:59:01 +0000"
    },
    "done": true
  },
  "stellarity:dragons_den/cursed_tome/items/unlock_sabrewing": {
    "criteria": {
      "requirement": "2024-06-09 06:18:27 +0000"
    },
    "done": true
  },
  "stellarity:cursed_tome/sabrewing": {
    "criteria": {
      "requirement": "2024-06-09 06:18:27 +0000"
    },
    "done": true
  },
  "minecraft:adventure/shoot_arrow": {
    "criteria": {
      "shot_arrow": "2024-06-09 06:21:10 +0000"
    },
    "done": true
  },
  "minecraft:adventure/ol_betsy": {
    "criteria": {
      "shot_crossbow": "2024-06-09 06:21:10 +0000"
    },
    "done": true
  },
  "super_block_world:mushroom_kingdom/enter_dimension": {
    "criteria": {
      "entered_dimension": "2024-06-09 06:32:48 +0000"
    },
    "done": true
  },
  "stellarity:adventure/anger_enderman": {
    "criteria": {
      "anger_enderman": "2024-06-09 22:00:53 +0000"
    },
    "done": true
  },
  "undead_revamp2:nowyouknow": {
    "criteria": {
      "nowyouknow": "2024-06-09 22:16:45 +0000"
    },
    "done": true
  },
  "vanillacookbook:recipes/cactus": {
    "criteria": {
      "has_cactus": "2024-06-09 22:25:06 +0000"
    },
    "done": true
  },
  "nether:nether/overkill": {
    "criteria": {
      "deal_damage": "2024-06-09 22:29:11 +0000"
    },
    "done": true
  },
  "alexsmobs:alexsmobs/banana": {
    "criteria": {
      "banana": "2024-06-09 22:33:38 +0000"
    },
    "done": true
  },
  "undead_revamp2:daddy": {
    "criteria": {
      "daddy": "2024-06-09 22:37:25 +0000"
    },
    "done": true
  },
  "dnl:story/structures/temple_of_tears/locate": {
    "criteria": {
      "locate_temple_of_tears": "2024-06-09 22:42:23 +0000"
    },
    "done": true
  },
  "1_splatus:ultris/illusioner": {
    "criteria": {
      "c1": "2024-06-09 22:47:11 +0000"
    },
    "done": true
  },
  "vanillacookbook:recipes/melon": {
    "criteria": {
      "has_melon": "2024-06-09 22:50:45 +0000"
    },
    "done": true
  },
  "vanillacookbook:recipes/flowers": {
    "criteria": {
      "has_cornflower": "2024-06-09 22:56:18 +0000"
    },
    "done": true
  },
  "dnl:entity/guardian_ghast/hurt": {
    "criteria": {
      "not_projectile": "2024-06-09 23:13:34 +0000",
      "by_arrow": "2024-06-13 02:10:53 +0000"
    },
    "done": false
  },
  "vanillacookbook:recipes/glowberry": {
    "criteria": {
      "has_glowberry": "2024-06-10 03:04:14 +0000"
    },
    "done": true
  },
  "vanillacookbook:recipes/raw_fish": {
    "criteria": {
      "has_raw_fish": "2024-06-10 03:04:15 +0000"
    },
    "done": true
  },
  "vanillacookbook:recipes/bamboo": {
    "criteria": {
      "has_bamboo": "2024-06-10 03:16:31 +0000"
    },
    "done": true
  },
  "undead_revamp2:sugarcoat": {
    "criteria": {
      "sugarcoat": "2024-06-10 03:18:22 +0000"
    },
    "done": true
  },
  "undead_revamp2:mommy": {
    "criteria": {
      "mommy": "2024-06-10 03:18:30 +0000"
    },
    "done": true
  },
  "minecraft:story/obtain_armor": {
    "criteria": {
      "iron_chestplate": "2024-06-10 03:22:40 +0000"
    },
    "done": true
  },
  "vanillacookbook:recipes/moss": {
    "criteria": {
      "has_moss": "2024-06-10 03:25:46 +0000"
    },
    "done": true
  },
  "vanillacookbook:recipes/rose_bush": {
    "criteria": {
      "has_rose_bush": "2024-06-11 01:08:29 +0000"
    },
    "done": true
  },
  "alexsmobs:alexsmobs/pocket_sand": {
    "criteria": {
      "rat_upgrade_basic": "2024-06-11 01:26:58 +0000"
    },
    "done": true
  },
  "vanillacookbook:recipes/carrot": {
    "criteria": {
      "has_carrot": "2024-06-11 01:32:37 +0000"
    },
    "done": true
  },
  "minecraft:story/enchant_item": {
    "criteria": {
      "enchanted_item": "2024-06-11 01:37:06 +0000"
    },
    "done": true
  },
  "vanillacookbook:recipes/glass_bottle": {
    "criteria": {
      "has_bottle": "2024-06-11 01:58:12 +0000"
    },
    "done": true
  },
  "minecraft:nether/brew_potion": {
    "criteria": {
      "potion": "2024-06-11 01:58:20 +0000"
    },
    "done": true
  },
  "friendsandfoes:adventure/the_magicians": {
    "criteria": {
      "killed_illusioner": "2024-06-11 02:01:34 +0000"
    },
    "done": false
  },
  "friendsandfoes:adventure/kill_illusioner": {
    "criteria": {
      "killed_illusioner": "2024-06-11 02:01:34 +0000"
    },
    "done": true
  },
  "idas:idas_root": {
    "criteria": {
      "always": "2024-06-13 02:08:57 +0000"
    },
    "done": true
  },
  "stellarity:story/drop_rare_illager_loot": {
    "criteria": {
      "drop5": "2024-06-13 02:08:57 +0000"
    },
    "done": true
  },
  "friendsandfoes:misc/yellow_dye_from_buttercup": {
    "criteria": {
      "has_the_recipe": "2024-06-13 02:08:57 +0000"
    },
    "done": true
  },
  "stellarity:cursed_tome/spellbooks/conveyance": {
    "criteria": {
      "requirement": "2024-06-13 02:08:57 +0000"
    },
    "done": true
  },
  "create:root": {
    "criteria": {
      "0": "2024-06-13 02:08:57 +0000"
    },
    "done": true
  },
  "stellarity:cursed_tome/spellbooks/updraft": {
    "criteria": {
      "requirement": "2024-06-13 02:08:57 +0000"
    },
    "done": true
  },
  "stellarity:cursed_tome/spellbooks/light": {
    "criteria": {
      "requirement": "2024-06-13 02:08:57 +0000"
    },
    "done": true
  },
  "stellarity:dragons_den/cursed_tome/items/spellbooks/unlock_conveyance": {
    "criteria": {
      "requirement": "2024-06-13 02:08:57 +0000"
    },
    "done": true
  },
  "stellarity:cursed_tome/spellbooks/natures_wrath": {
    "criteria": {
      "requirement": "2024-06-13 02:08:57 +0000"
    },
    "done": true
  },
  "lootr:root": {
    "criteria": {
      "always_true": "2024-06-13 02:08:57 +0000"
    },
    "done": true
  },
  "stellarity:dragons_den/cursed_tome/items/spellbooks/unlock_updraft": {
    "criteria": {
      "requirement": "2024-06-13 02:08:57 +0000"
    },
    "done": true
  },
  "stellarity:dragons_den/cursed_tome/items/spellbooks/unlock_light": {
    "criteria": {
      "requirement": "2024-06-13 02:08:57 +0000"
    },
    "done": true
  },
  "lootr:social": {
    "criteria": {
      "opened_barrel": "2024-06-13 02:15:12 +0000",
      "opened_cart": "2024-06-13 03:04:48 +0000"
    },
    "done": false
  },
  "lootr:1barrel": {
    "criteria": {
      "opened_barrel": "2024-06-13 02:15:12 +0000"
    },
    "done": true
  },
  "lootr:1cart": {
    "criteria": {
      "opened_cart": "2024-06-13 03:04:48 +0000"
    },
    "done": true
  },
  "dnl:util/entity_hit_matching/on_hurt": {
    "criteria": {
      "not_projectile": "2024-07-12 21:24:26 +0000",
      "is_projectile": "2024-07-12 21:24:26 +0000",
      "blocked_false": "2024-07-12 21:24:26 +0000"
    },
    "done": false
  },
  "dnl:util/entity_hit_matching/on_hit": {
    "criteria": {
      "not_projectile": "2024-07-12 21:35:44 +0000",
      "is_projectile": "2024-07-12 21:35:44 +0000",
      "not_magic": "2024-07-12 21:35:44 +0000"
    },
    "done": false
  },
  "1_splatus:spellbound/unlocked/windsweeper": {
    "criteria": {
      "blowgun": "2024-07-06 03:00:54 +0000"
    },
    "done": true
  },
  "deeperdarker:main/find_ancient_city": {
    "criteria": {
      "ancient_city": "2024-07-06 03:10:59 +0000"
    },
    "done": true
  },
  "alexscaves:alexscaves/root": {
    "criteria": {
      "underground_cabin": "2024-07-06 03:12:06 +0000"
    },
    "done": true
  },
  "1_splatus:ultris/ender": {
    "criteria": {
      "c1": "2024-07-12 21:34:17 +0000"
    },
    "done": true
  },
  "1_splatus:spellbound/unlocked/moonlight_edge": {
    "criteria": {
      "blowgun": "2024-07-12 21:35:47 +0000"
    },
    "done": true
  },
  "1_splatus:spellbound/unlocked/blowgun": {
    "criteria": {
      "blowgun": "2024-07-12 21:32:15 +0000"
    },
    "done": true
  },
  "1_splatus:ultris/completed": {
    "criteria": {
      "corrupted_enderman": "2024-07-12 21:35:32 +0000"
    },
    "done": false
  },
  "vanillacookbook:recipes/cocoa_beans": {
    "criteria": {
      "has_cocoa_beans": "2024-07-12 21:40:37 +0000"
    },
    "done": true
  },
  "stellarity:events/items/spellbooks/natures_wrath/been_to_ocean": {
    "criteria": {
      "9": "2024-07-12 21:35:32 +0000"
    },
    "done": true
  },
  "1_splatus:ultris/enderkill": {
    "criteria": {
      "c1": "2024-07-12 21:35:31 +0000"
    },
    "done": true
  },
  "stellarity:story/obtain_an_ender_pearl": {
    "criteria": {
      "criteria": "2024-07-12 21:35:47 +0000"
    },
    "done": true
  },
  "DataVersion": 3465
}