{
  "undead_revamp2:theundeadchallenges": {
    "criteria": {
      "theundeadchallenges": "2024-06-02 20:33:09 -0600"
    },
    "done": true
  },
  "stellarity:cursed_tome/root": {
    "criteria": {
      "requirement": "2024-06-02 20:33:09 -0600"
    },
    "done": true
  },
  "1_splatus:ultris/root": {
    "criteria": {
      "c1": "2024-06-02 20:33:09 -0600"
    },
    "done": true
  },
  "minecraft:recipes/decorations/crafting_table": {
    "criteria": {
      "unlock_right_away": "2024-06-02 20:33:09 -0600"
    },
    "done": true
  },
  "astikorcarts:recipes/supply_cart": {
    "criteria": {
      "has_wheel": "2024-06-02 20:33:00 -0600"
    },
    "done": true
  },
  "stellarity:dragons_den/cursed_tome/root": {
    "criteria": {
      "requirement": "2024-06-02 20:33:09 -0600"
    },
    "done": true
  },
  "astikorcarts:recipes/plow": {
    "criteria": {
      "has_wheel": "2024-06-02 20:33:00 -0600"
    },
    "done": true
  },
  "global:aeldrion": {
    "criteria": {
      "trigger": "2024-06-02 20:33:09 -0600"
    },
    "done": true
  },
  "bob:bob": {
    "criteria": {
      "trigger": "2024-06-02 20:33:09 -0600"
    },
    "done": true
  },
  "global:root": {
    "criteria": {
      "trigger": "2024-06-02 20:33:09 -0600"
    },
    "done": true
  },
  "plenty_of_golems:not_enough_golem_ad": {
    "criteria": {
      "not_enough_golem_ad": "2024-06-02 20:33:01 -0600"
    },
    "done": true
  },
  "player_companions:grant_book_on_first_join": {
    "criteria": {
      "tick": "2024-06-02 20:33:09 -0600"
    },
    "done": true
  },
  "astikorcarts:recipes/animal_cart": {
    "criteria": {
      "has_wheel": "2024-06-02 20:33:00 -0600"
    },
    "done": true
  },
  "exposure:recipes/tools/camera": {
    "criteria": {
      "has_iron": "2024-06-02 20:33:00 -0600"
    },
    "done": true
  },
  "DataVersion": 3465
}