{
  "plenty_of_golems:not_enough_golem_ad": {
    "criteria": {
      "not_enough_golem_ad": "2024-07-11 02:17:48 +0000"
    },
    "done": true
  },
  "idas:idas_root": {
    "criteria": {
      "always": "2024-07-11 02:17:48 +0000"
    },
    "done": true
  },
  "player_companions:grant_book_on_first_join": {
    "criteria": {
      "tick": "2024-07-11 02:17:48 +0000"
    },
    "done": true
  },
  "undead_revamp2:theundeadchallenges": {
    "criteria": {
      "theundeadchallenges": "2024-07-11 02:17:48 +0000"
    },
    "done": true
  },
  "friendsandfoes:misc/yellow_dye_from_buttercup": {
    "criteria": {
      "has_the_recipe": "2024-07-11 02:17:48 +0000"
    },
    "done": true
  },
  "create:root": {
    "criteria": {
      "0": "2024-07-11 02:17:48 +0000"
    },
    "done": true
  },
  "1_splatus:ultris/root": {
    "criteria": {
      "c1": "2024-07-11 02:17:48 +0000"
    },
    "done": true
  },
  "lootr:root": {
    "criteria": {
      "always_true": "2024-07-11 02:17:48 +0000"
    },
    "done": true
  },
  "minecraft:adventure/adventuring_time": {
    "criteria": {
      "minecraft:wooded_badlands": "2024-07-11 02:30:47 +0000",
      "minecraft:river": "2024-07-11 02:25:07 +0000",
      "minecraft:swamp": "2024-07-11 02:17:50 +0000",
      "minecraft:forest": "2024-07-11 02:26:16 +0000",
      "minecraft:desert": "2024-07-11 02:30:17 +0000",
      "minecraft:plains": "2024-07-11 02:19:46 +0000"
    },
    "done": false
  },
  "vanillacookbook:recipes/carrot": {
    "criteria": {
      "has_carrot": "2024-07-11 03:08:28 +0000"
    },
    "done": true
  },
  "minecraft:husbandry/balanced_diet": {
    "criteria": {
      "carrot": "2024-07-11 03:10:33 +0000"
    },
    "done": false
  },
  "minecraft:husbandry/root": {
    "criteria": {
      "consumed_item": "2024-07-11 03:10:33 +0000"
    },
    "done": true
  },
  "DataVersion": 3465
}