{
  "plenty_of_golems:not_enough_golem_ad": {
    "criteria": {
      "not_enough_golem_ad": "2024-07-11 02:17:48 +0000"
    },
    "done": true
  },
  "idas:idas_root": {
    "criteria": {
      "always": "2024-07-11 02:17:48 +0000"
    },
    "done": true
  },
  "player_companions:grant_book_on_first_join": {
    "criteria": {
      "tick": "2024-07-11 02:17:48 +0000"
    },
    "done": true
  },
  "undead_revamp2:theundeadchallenges": {
    "criteria": {
      "theundeadchallenges": "2024-07-11 02:17:48 +0000"
    },
    "done": true
  },
  "friendsandfoes:misc/yellow_dye_from_buttercup": {
    "criteria": {
      "has_the_recipe": "2024-07-11 02:17:48 +0000"
    },
    "done": true
  },
  "create:root": {
    "criteria": {
      "0": "2024-07-11 02:17:48 +0000"
    },
    "done": true
  },
  "1_splatus:ultris/root": {
    "criteria": {
      "c1": "2024-07-11 02:17:48 +0000"
    },
    "done": true
  },
  "lootr:root": {
    "criteria": {
      "always_true": "2024-07-11 02:17:48 +0000"
    },
    "done": true
  },
  "minecraft:adventure/adventuring_time": {
    "criteria": {
      "minecraft:wooded_badlands": "2024-07-11 02:30:47 +0000",
      "minecraft:river": "2024-07-11 02:25:07 +0000",
      "minecraft:swamp": "2024-07-11 02:17:50 +0000",
      "minecraft:forest": "2024-07-11 02:26:16 +0000",
      "minecraft:desert": "2024-07-11 02:30:17 +0000",
      "minecraft:plains": "2024-07-11 02:19:46 +0000"
    },
    "done": false
  },
  "lootr:1chest": {
    "criteria": {
      "opened_chest": "2024-07-11 03:13:44 +0000"
    },
    "done": true
  },
  "minecraft:story/obtain_armor": {
    "criteria": {
      "iron_helmet": "2024-07-11 03:31:59 +0000"
    },
    "done": true
  },
  "lootr:social": {
    "criteria": {
      "opened_barrel": "2024-07-11 03:13:46 +0000",
      "opened_chest": "2024-07-11 03:13:44 +0000"
    },
    "done": false
  },
  "vanillacookbook:recipes/gunpowder": {
    "criteria": {
      "has_gunpowder": "2024-07-11 03:19:22 +0000"
    },
    "done": true
  },
  "minecraft:story/iron_tools": {
    "criteria": {
      "iron_pickaxe": "2024-07-11 03:31:20 +0000"
    },
    "done": true
  },
  "1_splatus:spellbound/unlocked/thorn_blossom": {
    "criteria": {
      "blowgun": "2024-07-11 03:19:26 +0000"
    },
    "done": true
  },
  "1_splatus:spellbound/unlocked/windsweeper": {
    "criteria": {
      "blowgun": "2024-07-11 03:16:08 +0000"
    },
    "done": true
  },
  "vanillacookbook:recipes/bread": {
    "criteria": {
      "has_bread": "2024-07-11 03:13:51 +0000"
    },
    "done": true
  },
  "vanillacookbook:recipes/bone": {
    "criteria": {
      "has_bone": "2024-07-11 03:34:59 +0000"
    },
    "done": true
  },
  "minecraft:story/mine_stone": {
    "criteria": {
      "get_stone": "2024-07-11 03:28:57 +0000"
    },
    "done": true
  },
  "lootr:1barrel": {
    "criteria": {
      "opened_barrel": "2024-07-11 03:13:46 +0000"
    },
    "done": true
  },
  "1_splatus:spellbound/unlocked/blowgun": {
    "criteria": {
      "blowgun": "2024-07-11 03:34:59 +0000"
    },
    "done": true
  },
  "minecraft:story/form_obsidian": {
    "criteria": {
      "obsidian": "2024-07-11 03:16:16 +0000"
    },
    "done": true
  },
  "immersive_aircraft:misc/aircraftery": {
    "criteria": {
      "has_item": "2024-07-11 03:19:21 +0000"
    },
    "done": true
  },
  "vanillacookbook:recipes/carrot": {
    "criteria": {
      "has_carrot": "2024-07-11 03:08:28 +0000"
    },
    "done": true
  },
  "minecraft:story/smelt_iron": {
    "criteria": {
      "iron": "2024-07-11 03:19:21 +0000"
    },
    "done": true
  },
  "vanillacookbook:recipes/glass_bottle": {
    "criteria": {
      "has_bottle": "2024-07-11 03:15:12 +0000"
    },
    "done": true
  },
  "minecraft:story/shiny_gear": {
    "criteria": {
      "diamond_helmet": "2024-07-11 03:32:05 +0000"
    },
    "done": true
  },
  "minecraft:adventure/sleep_in_bed": {
    "criteria": {
      "slept_in_bed": "2024-07-11 03:13:26 +0000"
    },
    "done": true
  },
  "minecraft:adventure/root": {
    "criteria": {
      "killed_by_something": "2024-07-11 03:20:54 +0000"
    },
    "done": true
  },
  "vanillacookbook:recipes/poisonous_pie": {
    "criteria": {
      "has_rotten_flesh": "2024-07-11 03:17:36 +0000"
    },
    "done": true
  },
  "alexsmobs:alexsmobs/seagull_steal": {
    "criteria": {
      "ex": "2024-07-11 03:14:20 +0000"
    },
    "done": true
  },
  "vanillacookbook:recipes/seeds": {
    "criteria": {
      "has_seeds": "2024-07-11 03:19:23 +0000"
    },
    "done": true
  },
  "minecraft:husbandry/balanced_diet": {
    "criteria": {
      "cooked_beef": "2024-07-11 03:15:34 +0000",
      "apple": "2024-07-11 03:21:44 +0000",
      "rotten_flesh": "2024-07-11 03:26:46 +0000",
      "carrot": "2024-07-11 03:10:33 +0000"
    },
    "done": false
  },
  "minecraft:husbandry/root": {
    "criteria": {
      "consumed_item": "2024-07-11 03:10:33 +0000"
    },
    "done": true
  },
  "minecraft:story/mine_diamond": {
    "criteria": {
      "diamond": "2024-07-11 03:32:18 +0000"
    },
    "done": true
  },
  "vanillacookbook:recipes/paper": {
    "criteria": {
      "has_paper": "2024-07-11 03:15:05 +0000"
    },
    "done": true
  },
  "vanillacookbook:recipes/wheat": {
    "criteria": {
      "has_wheat": "2024-07-11 03:19:26 +0000"
    },
    "done": true
  },
  "player_companions:crafting/tame_items": {
    "criteria": {
      "has_lead": "2024-07-11 03:25:33 +0000"
    },
    "done": true
  },
  "vanillacookbook:recipes/berry": {
    "criteria": {
      "has_berry": "2024-07-11 03:33:28 +0000"
    },
    "done": true
  },
  "vanillacookbook:recipes/apple": {
    "criteria": {
      "has_apple": "2024-07-11 03:13:50 +0000"
    },
    "done": true
  },
  "DataVersion": 3465
}