{
  "plenty_of_golems:not_enough_golem_ad": {
    "criteria": {
      "not_enough_golem_ad": "2024-06-03 02:33:01 +0000"
    },
    "done": true
  },
  "undead_revamp2:theundeadchallenges": {
    "criteria": {
      "theundeadchallenges": "2024-06-03 02:33:09 +0000"
    },
    "done": true
  },
  "stellarity:cursed_tome/root": {
    "criteria": {
      "requirement": "2024-06-03 02:33:09 +0000"
    },
    "done": true
  },
  "1_splatus:ultris/root": {
    "criteria": {
      "c1": "2024-06-03 02:33:09 +0000"
    },
    "done": true
  },
  "stellarity:dragons_den/cursed_tome/root": {
    "criteria": {
      "requirement": "2024-06-03 02:33:09 +0000"
    },
    "done": true
  },
  "global:aeldrion": {
    "criteria": {
      "trigger": "2024-06-03 02:33:09 +0000"
    },
    "done": true
  },
  "bob:bob": {
    "criteria": {
      "trigger": "2024-06-03 02:33:09 +0000"
    },
    "done": true
  },
  "global:root": {
    "criteria": {
      "trigger": "2024-06-03 02:33:09 +0000"
    },
    "done": true
  },
  "player_companions:grant_book_on_first_join": {
    "criteria": {
      "tick": "2024-06-03 02:33:09 +0000"
    },
    "done": true
  },
  "minecraft:adventure/adventuring_time": {
    "criteria": {
      "minecraft:snowy_slopes": "2024-06-03 03:20:26 +0000",
      "minecraft:wooded_badlands": "2024-06-09 05:22:03 +0000",
      "minecraft:badlands": "2024-06-09 05:19:54 +0000",
      "minecraft:beach": "2024-06-03 06:11:06 +0000",
      "minecraft:sparse_jungle": "2024-06-03 06:16:49 +0000",
      "minecraft:river": "2024-06-03 06:07:08 +0000",
      "minecraft:forest": "2024-06-03 03:20:02 +0000",
      "minecraft:lush_caves": "2024-06-09 23:12:07 +0000",
      "minecraft:desert": "2024-06-04 02:48:38 +0000",
      "minecraft:jungle": "2024-06-03 23:43:33 +0000",
      "minecraft:ocean": "2024-06-04 02:39:35 +0000",
      "minecraft:windswept_savanna": "2024-06-03 06:11:36 +0000",
      "minecraft:warm_ocean": "2024-06-09 05:44:37 +0000",
      "minecraft:frozen_peaks": "2024-06-03 05:39:45 +0000",
      "minecraft:deep_dark": "2024-07-06 03:10:08 +0000",
      "minecraft:savanna": "2024-06-04 02:58:37 +0000",
      "minecraft:plains": "2024-06-03 03:22:17 +0000"
    },
    "done": false
  },
  "dnl:entity/guardian_ghast/hurt": {
    "criteria": {
      "not_projectile": "2024-06-03 05:41:34 +0000",
      "by_arrow": "2024-06-09 06:19:39 +0000"
    },
    "done": false
  },
  "vanillacookbook:recipes/raw_fish": {
    "criteria": {
      "has_raw_fish": "2024-06-03 05:41:51 +0000"
    },
    "done": true
  },
  "minecraft:story/upgrade_tools": {
    "criteria": {
      "stone_pickaxe": "2024-06-03 05:41:51 +0000"
    },
    "done": true
  },
  "vanillacookbook:recipes/apple": {
    "criteria": {
      "has_apple": "2024-06-03 05:41:51 +0000"
    },
    "done": true
  },
  "stellarity:events/on_death": {
    "criteria": {
      "requirement": "2024-06-03 05:43:14 +0000"
    },
    "done": true
  },
  "minecraft:adventure/root": {
    "criteria": {
      "killed_by_something": "2024-06-03 05:43:14 +0000"
    },
    "done": true
  },
  "vanillacookbook:recipes/snowball": {
    "criteria": {
      "has_snowball": "2024-06-03 05:47:14 +0000"
    },
    "done": true
  },
  "minecraft:story/mine_stone": {
    "criteria": {
      "get_stone": "2024-06-03 05:47:30 +0000"
    },
    "done": true
  },
  "paraglider:root": {
    "criteria": {
      "crafting_table": "2024-06-03 06:05:54 +0000"
    },
    "done": true
  },
  "player_companions:crafting/root": {
    "criteria": {
      "crafting_table": "2024-06-03 06:05:54 +0000"
    },
    "done": true
  },
  "player_companions:crafting/craft_lead": {
    "criteria": {
      "crafting_table": "2024-06-03 06:05:54 +0000"
    },
    "done": true
  },
  "minecraft:story/root": {
    "criteria": {
      "crafting_table": "2024-06-03 06:05:54 +0000"
    },
    "done": true
  },
  "vanillacookbook:recipes/carrot": {
    "criteria": {
      "has_carrot": "2024-06-03 06:08:14 +0000"
    },
    "done": true
  },
  "minecraft:husbandry/root": {
    "criteria": {
      "consumed_item": "2024-06-03 06:09:33 +0000"
    },
    "done": true
  },
  "minecraft:husbandry/balanced_diet": {
    "criteria": {
      "cooked_porkchop": "2024-06-09 22:09:39 +0000",
      "apple": "2024-06-09 05:33:50 +0000",
      "bread": "2024-06-04 02:43:46 +0000",
      "golden_apple": "2024-06-11 01:47:22 +0000",
      "rotten_flesh": "2024-06-09 05:53:37 +0000",
      "suspicious_stew": "2024-06-09 06:19:22 +0000",
      "glow_berries": "2024-06-10 03:12:31 +0000",
      "beetroot": "2024-06-11 01:47:32 +0000",
      "carrot": "2024-06-03 06:09:33 +0000"
    },
    "done": false
  },
  "vanillacookbook:recipes/slime": {
    "criteria": {
      "has_slime_ball": "2024-06-03 06:10:54 +0000"
    },
    "done": true
  },
  "vanillacookbook:recipes/bread": {
    "criteria": {
      "has_bread": "2024-06-03 06:18:59 +0000"
    },
    "done": true
  },
  "immersive_aircraft:misc/aircraftery": {
    "criteria": {
      "has_item": "2024-06-03 06:19:05 +0000"
    },
    "done": true
  },
  "minecraft:story/smelt_iron": {
    "criteria": {
      "iron": "2024-06-03 06:19:05 +0000"
    },
    "done": true
  },
  "vanillacookbook:recipes/baked_potato": {
    "criteria": {
      "has_baked_potato": "2024-06-03 23:38:56 +0000"
    },
    "done": true
  },
  "vanillacookbook:recipes/poisonous_pie": {
    "criteria": {
      "has_rotten_flesh": "2024-06-03 23:39:23 +0000"
    },
    "done": true
  },
  "vanillacookbook:recipes/glass_bottle": {
    "criteria": {
      "has_bottle": "2024-06-03 23:39:35 +0000"
    },
    "done": true
  },
  "vanillacookbook:recipes/sugar": {
    "criteria": {
      "has_sugar": "2024-06-03 23:39:36 +0000"
    },
    "done": true
  },
  "vanillacookbook:recipes/seeds": {
    "criteria": {
      "has_seeds": "2024-06-03 23:45:17 +0000"
    },
    "done": true
  },
  "vanillacookbook:recipes/paper": {
    "criteria": {
      "has_paper": "2024-06-03 23:45:41 +0000"
    },
    "done": true
  },
  "vanillacookbook:recipes/berry": {
    "criteria": {
      "has_berry": "2024-06-09 05:21:08 +0000"
    },
    "done": true
  },
  "stellarity:adventure/anger_enderman": {
    "criteria": {
      "anger_enderman": "2024-06-09 05:24:54 +0000"
    },
    "done": true
  },
  "minecraft:adventure/sleep_in_bed": {
    "criteria": {
      "slept_in_bed": "2024-06-09 05:25:27 +0000"
    },
    "done": true
  },
  "vanillacookbook:recipes/egg": {
    "criteria": {
      "has_egg": "2024-06-09 05:30:34 +0000"
    },
    "done": true
  },
  "super_block_world:mushroom_kingdom/root": {
    "criteria": {
      "has_power_star": "2024-06-09 06:02:34 +0000"
    },
    "done": true
  },
  "vanillacookbook:recipes/raw_meat": {
    "criteria": {
      "has_raw_meats": "2024-06-09 06:05:35 +0000"
    },
    "done": true
  },
  "vanillacookbook:recipes/porkchop": {
    "criteria": {
      "has_porkchop": "2024-06-09 06:05:35 +0000"
    },
    "done": true
  },
  "stellarity:dragons_den/cursed_tome/items/unlock_sabrewing": {
    "criteria": {
      "requirement": "2024-06-09 06:19:17 +0000"
    },
    "done": true
  },
  "stellarity:cursed_tome/sabrewing": {
    "criteria": {
      "requirement": "2024-06-09 06:19:17 +0000"
    },
    "done": true
  },
  "supplementaries:husbandry/sus_stew": {
    "criteria": {
      "stew": "2024-06-09 06:19:22 +0000"
    },
    "done": true
  },
  "minecraft:adventure/shoot_arrow": {
    "criteria": {
      "shot_arrow": "2024-06-09 06:19:39 +0000"
    },
    "done": true
  },
  "super_block_world:mushroom_kingdom/enter_dimension": {
    "criteria": {
      "entered_dimension": "2024-06-09 06:33:38 +0000"
    },
    "done": true
  },
  "minecraft:story/mine_diamond": {
    "criteria": {
      "diamond": "2024-06-09 22:10:54 +0000"
    },
    "done": true
  },
  "minecraft:husbandry/tame_an_animal": {
    "criteria": {
      "tamed_animal": "2024-06-09 22:12:39 +0000"
    },
    "done": true
  },
  "plenty_of_golems:an_obsidian_tower": {
    "criteria": {
      "an_obsidian_tower": "2024-06-09 22:12:39 +0000"
    },
    "done": true
  },
  "alexsmobs:alexsmobs/guster": {
    "criteria": {
      "killed": "2024-06-09 22:20:06 +0000"
    },
    "done": true
  },
  "minecraft:adventure/kill_all_mobs": {
    "criteria": {
      "minecraft:skeleton": "2024-07-12 21:35:51 +0000",
      "minecraft:spider": "2024-06-09 22:20:42 +0000",
      "minecraft:husk": "2024-06-09 22:38:40 +0000"
    },
    "done": false
  },
  "minecraft:adventure/kill_a_mob": {
    "criteria": {
      "minecraft:spider": "2024-06-09 22:20:42 +0000"
    },
    "done": true
  },
  "vanillacookbook:recipes/cactus": {
    "criteria": {
      "has_cactus": "2024-06-09 22:24:20 +0000"
    },
    "done": true
  },
  "undead_revamp2:sugarcoat": {
    "criteria": {
      "sugarcoat": "2024-06-09 22:36:32 +0000"
    },
    "done": true
  },
  "undead_revamp2:daddy": {
    "criteria": {
      "daddy": "2024-06-09 22:36:49 +0000"
    },
    "done": true
  },
  "1_splatus:ultris/illusioner": {
    "criteria": {
      "c1": "2024-06-09 22:43:52 +0000"
    },
    "done": true
  },
  "dnl:story/general/locate_dungeon": {
    "criteria": {
      "locate_temple_of_tears": "2024-06-09 22:45:47 +0000"
    },
    "done": true
  },
  "dnl:story/structures/temple_of_tears/locate": {
    "criteria": {
      "locate_temple_of_tears": "2024-06-09 22:45:47 +0000"
    },
    "done": true
  },
  "vanillacookbook:recipes/flowers": {
    "criteria": {
      "has_cornflower": "2024-06-09 23:03:34 +0000"
    },
    "done": true
  },
  "minecraft:story/iron_tools": {
    "criteria": {
      "iron_pickaxe": "2024-06-10 02:52:57 +0000"
    },
    "done": true
  },
  "vanillacookbook:recipes/bamboo": {
    "criteria": {
      "has_bamboo": "2024-06-10 03:04:05 +0000"
    },
    "done": true
  },
  "vanillacookbook:recipes/glowberry": {
    "criteria": {
      "has_glowberry": "2024-06-10 03:04:20 +0000"
    },
    "done": true
  },
  "vanillacookbook:recipes/bone": {
    "criteria": {
      "has_bone": "2024-06-10 03:18:39 +0000"
    },
    "done": true
  },
  "minecraft:story/obtain_armor": {
    "criteria": {
      "iron_helmet": "2024-06-10 03:23:51 +0000"
    },
    "done": true
  },
  "vanillacookbook:recipes/moss": {
    "criteria": {
      "has_moss": "2024-06-10 03:28:22 +0000"
    },
    "done": true
  },
  "undead_revamp2:nightnight": {
    "criteria": {
      "nightnight": "2024-06-11 01:05:43 +0000"
    },
    "done": true
  },
  "vanillacookbook:recipes/beetroot": {
    "criteria": {
      "has_beetroot": "2024-06-11 01:32:35 +0000"
    },
    "done": true
  },
  "minecraft:husbandry/plant_seed": {
    "criteria": {
      "wheat": "2024-06-11 01:32:45 +0000"
    },
    "done": true
  },
  "create:root": {
    "criteria": {
      "0": "2024-06-13 02:07:38 +0000"
    },
    "done": true
  },
  "1_splatus:spellbound/unlocked/blowgun": {
    "criteria": {
      "blowgun": "2024-06-13 02:07:38 +0000"
    },
    "done": true
  },
  "idas:idas_root": {
    "criteria": {
      "always": "2024-06-13 02:07:39 +0000"
    },
    "done": true
  },
  "stellarity:story/drop_rare_illager_loot": {
    "criteria": {
      "drop5": "2024-06-13 02:07:39 +0000"
    },
    "done": true
  },
  "friendsandfoes:misc/yellow_dye_from_buttercup": {
    "criteria": {
      "has_the_recipe": "2024-06-13 02:07:39 +0000"
    },
    "done": true
  },
  "stellarity:cursed_tome/spellbooks/conveyance": {
    "criteria": {
      "requirement": "2024-06-13 02:07:39 +0000"
    },
    "done": true
  },
  "stellarity:cursed_tome/spellbooks/updraft": {
    "criteria": {
      "requirement": "2024-06-13 02:07:39 +0000"
    },
    "done": true
  },
  "stellarity:cursed_tome/spellbooks/light": {
    "criteria": {
      "requirement": "2024-06-13 02:07:39 +0000"
    },
    "done": true
  },
  "stellarity:dragons_den/cursed_tome/items/spellbooks/unlock_conveyance": {
    "criteria": {
      "requirement": "2024-06-13 02:07:39 +0000"
    },
    "done": true
  },
  "stellarity:cursed_tome/spellbooks/natures_wrath": {
    "criteria": {
      "requirement": "2024-06-13 02:07:39 +0000"
    },
    "done": true
  },
  "lootr:root": {
    "criteria": {
      "always_true": "2024-06-13 02:07:39 +0000"
    },
    "done": true
  },
  "stellarity:dragons_den/cursed_tome/items/spellbooks/unlock_updraft": {
    "criteria": {
      "requirement": "2024-06-13 02:07:39 +0000"
    },
    "done": true
  },
  "stellarity:dragons_den/cursed_tome/items/spellbooks/unlock_light": {
    "criteria": {
      "requirement": "2024-06-13 02:07:39 +0000"
    },
    "done": true
  },
  "vanillacookbook:recipes/gunpowder": {
    "criteria": {
      "has_gunpowder": "2024-06-13 02:32:17 +0000"
    },
    "done": true
  },
  "vanillacookbook:recipes/rose_bush": {
    "criteria": {
      "has_rose_bush": "2024-06-13 02:43:20 +0000"
    },
    "done": true
  },
  "lootr:social": {
    "criteria": {
      "opened_barrel": "2024-07-12 22:02:12 +0000",
      "opened_chest": "2024-07-12 21:53:50 +0000",
      "opened_cart": "2024-06-13 03:05:44 +0000"
    },
    "done": false
  },
  "lootr:1cart": {
    "criteria": {
      "opened_cart": "2024-06-13 03:05:44 +0000"
    },
    "done": true
  },
  "deeperdarker:main/root": {
    "criteria": {
      "deep_dark": "2024-07-06 03:10:08 +0000"
    },
    "done": true
  },
  "alexscaves:alexscaves/discover_primordial_caves": {
    "criteria": {
      "discover": "2024-07-12 21:00:29 +0000"
    },
    "done": true
  },
  "undead_revamp2:nowyouknow": {
    "criteria": {
      "nowyouknow": "2024-07-12 21:32:46 +0000"
    },
    "done": true
  },
  "1_splatus:ultris/ender": {
    "criteria": {
      "c1": "2024-07-12 21:34:17 +0000"
    },
    "done": true
  },
  "1_splatus:spellbound/unlocked/windsweeper": {
    "criteria": {
      "blowgun": "2024-07-12 21:44:40 +0000"
    },
    "done": true
  },
  "lootr:1chest": {
    "criteria": {
      "opened_chest": "2024-07-12 21:53:50 +0000"
    },
    "done": true
  },
  "1_splatus:spellbound/unlocked/moonlight_edge": {
    "criteria": {
      "blowgun": "2024-07-12 21:54:04 +0000"
    },
    "done": true
  },
  "lootr:1barrel": {
    "criteria": {
      "opened_barrel": "2024-07-12 22:02:12 +0000"
    },
    "done": true
  },
  "1_splatus:spellbound/weapon/a": {
    "criteria": {
      "dagger": "2024-07-12 22:14:06 +0000"
    },
    "done": false
  },
  "1_splatus:spellbound/weapon/dagger": {
    "criteria": {
      "dagger": "2024-07-12 22:14:06 +0000"
    },
    "done": true
  },
  "vanillatweaks:crafting_pad": {
    "criteria": {
      "has_pad": "2024-07-15 00:24:23 +0000"
    },
    "done": true
  },
  "vanillatweaks:storage_blocks": {
    "criteria": {
      "has_sugar": "2024-07-15 00:24:23 +0000",
      "has_flint": "2024-07-15 00:24:23 +0000",
      "has_charcoal": "2024-07-15 00:24:23 +0000"
    },
    "done": true
  },
  "vanillatweaks:dynamite": {
    "criteria": {
      "has_gunpowder": "2024-07-15 00:24:23 +0000"
    },
    "done": true
  },
  "queen_bee:root": {
    "criteria": {
      "root": "2024-07-15 00:24:24 +0000"
    },
    "done": true
  },
  "vanillatweaks:fried_egg": {
    "criteria": {
      "has_the_recipe": "2024-07-15 00:24:24 +0000"
    },
    "done": true
  },
  "repurposed_structures:root": {
    "criteria": {
      "always": "2024-07-15 00:24:24 +0000"
    },
    "done": true
  },
  "vanillatweaks:slime_bucket": {
    "criteria": {
      "has_the_recipe": "2024-07-15 00:24:24 +0000"
    },
    "done": true
  },
  "mowziesmobs:root": {
    "criteria": {
      "custom_test_name": "2024-07-15 00:24:24 +0000"
    },
    "done": true
  },
  "vanillatweaks:pedestal": {
    "criteria": {
      "has_the_recipe": "2024-07-15 00:24:24 +0000"
    },
    "done": true
  },
  "platanitos:platanitos_advancements": {
    "criteria": {
      "platanitos_advancements_0": "2024-07-15 00:24:24 +0000"
    },
    "done": true
  },
  "dnl:util/entity_hit_matching/on_hurt": {
    "criteria": {
      "not_projectile": "2024-07-15 06:32:12 +0000",
      "is_projectile": "2024-07-15 06:32:12 +0000",
      "blocked_false": "2024-07-15 06:32:12 +0000"
    },
    "done": false
  },
  "endofherobrine:story/root": {
    "criteria": {
      "requirement": "2024-07-15 06:33:35 +0000"
    },
    "done": true
  },
  "bananarangs:recipes/bananarang_recipes": {
    "criteria": {
      "has_iron": "2024-07-15 06:34:49 +0000"
    },
    "done": true
  },
  "dnl:util/entity_hit_matching/on_hit": {
    "criteria": {
      "not_projectile": "2024-07-15 06:47:11 +0000",
      "is_projectile": "2024-07-15 06:47:11 +0000",
      "not_magic": "2024-07-15 06:47:11 +0000"
    },
    "done": false
  },
  "DataVersion": 3465
}